timestamp,date,time,source,motion_count,image_path
2026-04-11T14:57:26.506305,2026-04-11,14:57:26,webcam,1,output/motion\motion_20260411_145726_5029.jpg
2026-04-11T14:57:28.511342,2026-04-11,14:57:28,webcam,2,output/motion\motion_20260411_145728_5067.jpg
2026-04-11T14:57:33.829547,2026-04-11,14:57:33,webcam,3,output/motion\motion_20260411_145733_8265.jpg
2026-04-11T14:58:04.958604,2026-04-11,14:58:04,webcam,4,output/motion\motion_20260411_145804_9529.jpg
2026-04-11T14:58:12.548060,2026-04-11,14:58:12,webcam,5,output/motion\motion_20260411_145812_5448.jpg
2026-04-11T14:58:15.421325,2026-04-11,14:58:15,webcam,6,output/motion\motion_20260411_145815_4181.jpg
2026-04-11T14:58:17.433046,2026-04-11,14:58:17,webcam,7,output/motion\motion_20260411_145817_4273.jpg
2026-06-06T18:36:51.730034,2026-06-06,18:36:51,webcam,1,output/motion\motion_20260606_183651_7218.jpg
2026-06-06T18:36:53.755713,2026-06-06,18:36:53,webcam,2,output/motion\motion_20260606_183653_7525.jpg
2026-06-06T18:36:55.772665,2026-06-06,18:36:55,webcam,3,output/motion\motion_20260606_183655_7693.jpg
2026-06-06T18:36:57.838247,2026-06-06,18:36:57,webcam,4,output/motion\motion_20260606_183657_8317.jpg
2026-06-06T18:36:59.854895,2026-06-06,18:36:59,webcam,5,output/motion\motion_20260606_183659_8509.jpg
2026-06-06T18:37:01.965187,2026-06-06,18:37:01,webcam,6,output/motion\motion_20260606_183701_9616.jpg
2026-06-06T18:37:03.985975,2026-06-06,18:37:03,webcam,7,output/motion\motion_20260606_183703_9828.jpg
2026-06-06T18:37:05.989967,2026-06-06,18:37:05,webcam,8,output/motion\motion_20260606_183705_9861.jpg
2026-06-06T18:37:08.737132,2026-06-06,18:37:08,webcam,9,output/motion\motion_20260606_183708_7168.jpg
2026-06-06T18:37:11.360767,2026-06-06,18:37:11,webcam,10,output/motion\motion_20260606_183711_3578.jpg
2026-06-06T18:37:13.399289,2026-06-06,18:37:13,webcam,11,output/motion\motion_20260606_183713_3939.jpg
2026-06-06T18:37:20.278688,2026-06-06,18:37:20,webcam,12,output/motion\motion_20260606_183720_2754.jpg
2026-06-07T14:35:36.473050,2026-06-07,14:35:36,,1,
2026-06-07T14:36:44.280228,2026-06-07,14:36:44,webcam,1,output/motion\motion_20260607_143644_2702.jpg
2026-06-07T14:36:49.659826,2026-06-07,14:36:49,webcam,2,output/motion\motion_20260607_143649_6545.jpg
2026-06-07T14:36:52.855998,2026-06-07,14:36:52,webcam,3,output/motion\motion_20260607_143652_8513.jpg
2026-06-07T14:36:57.644390,2026-06-07,14:36:57,webcam,4,output/motion\motion_20260607_143657_6394.jpg
2026-06-07T14:36:59.660553,2026-06-07,14:36:59,webcam,5,output/motion\motion_20260607_143659_6561.jpg
2026-06-07T14:37:01.674698,2026-06-07,14:37:01,webcam,6,output/motion\motion_20260607_143701_6700.jpg
2026-06-07T14:37:03.696033,2026-06-07,14:37:03,webcam,7,output/motion\motion_20260607_143703_6905.jpg
2026-06-07T14:37:05.714410,2026-06-07,14:37:05,webcam,8,output/motion\motion_20260607_143705_7081.jpg
2026-06-07T14:37:07.769977,2026-06-07,14:37:07,webcam,9,output/motion\motion_20260607_143707_7631.jpg
2026-06-07T14:37:09.806935,2026-06-07,14:37:09,webcam,10,output/motion\motion_20260607_143709_8005.jpg
2026-06-07T14:37:11.872582,2026-06-07,14:37:11,webcam,11,output/motion\motion_20260607_143711_8654.jpg
2026-06-07T14:37:13.872650,2026-06-07,14:37:13,webcam,12,output/motion\motion_20260607_143713_8664.jpg
2026-06-07T14:37:15.884629,2026-06-07,14:37:15,webcam,13,output/motion\motion_20260607_143715_8767.jpg
2026-06-07T14:37:17.918886,2026-06-07,14:37:17,webcam,14,output/motion\motion_20260607_143717_9116.jpg
2026-06-07T20:45:23.370026,2026-06-07,20:45:23,webcam,1,output/motion\motion_20260607_204523_3418.jpg
2026-06-07T20:45:25.339317,2026-06-07,20:45:25,webcam,2,output/motion\motion_20260607_204525_3351.jpg
2026-06-07T20:45:30.016354,2026-06-07,20:45:30,webcam,3,output/motion\motion_20260607_204530_0123.jpg
2026-06-07T20:45:32.042649,2026-06-07,20:45:32,webcam,4,output/motion\motion_20260607_204532_0392.jpg
2026-06-07T20:45:34.057506,2026-06-07,20:45:34,webcam,5,output/motion\motion_20260607_204534_0536.jpg
2026-06-07T20:45:36.096915,2026-06-07,20:45:36,webcam,6,output/motion\motion_20260607_204536_0927.jpg
2026-06-07T20:45:38.106979,2026-06-07,20:45:38,webcam,7,output/motion\motion_20260607_204538_1031.jpg
2026-06-07T20:45:40.160634,2026-06-07,20:45:40,webcam,8,output/motion\motion_20260607_204540_1577.jpg
2026-06-07T20:45:42.190495,2026-06-07,20:45:42,webcam,9,output/motion\motion_20260607_204542_1853.jpg
2026-06-07T20:45:44.206859,2026-06-07,20:45:44,webcam,10,output/motion\motion_20260607_204544_2021.jpg
2026-06-07T20:45:46.270440,2026-06-07,20:45:46,webcam,11,output/motion\motion_20260607_204546_2655.jpg
2026-06-07T20:46:13.170120,2026-06-07,20:46:13,webcam,12,output/motion\motion_20260607_204613_1653.jpg
2026-06-07T20:46:15.220176,2026-06-07,20:46:15,webcam,13,output/motion\motion_20260607_204615_2155.jpg
2026-06-07T20:46:18.098614,2026-06-07,20:46:18,webcam,14,output/motion\motion_20260607_204618_0944.jpg
2026-06-07T20:46:20.102187,2026-06-07,20:46:20,webcam,15,output/motion\motion_20260607_204620_0986.jpg
2026-06-07T20:46:24.089188,2026-06-07,20:46:24,webcam,16,output/motion\motion_20260607_204624_0850.jpg
2026-06-07T20:52:33.778270,2026-06-07,20:52:33,webcam,1,output/motion\motion_20260607_205233_7761.jpg
2026-06-07T20:52:35.859164,2026-06-07,20:52:35,webcam,2,output/motion\motion_20260607_205235_8559.jpg
2026-06-07T20:52:37.862991,2026-06-07,20:52:37,webcam,3,output/motion\motion_20260607_205237_8591.jpg
2026-06-07T20:52:39.907851,2026-06-07,20:52:39,webcam,4,output/motion\motion_20260607_205239_9048.jpg
2026-06-07T20:52:41.939281,2026-06-07,20:52:41,webcam,5,output/motion\motion_20260607_205241_9364.jpg
2026-06-07T20:52:45.178138,2026-06-07,20:52:45,webcam,6,output/motion\motion_20260607_205245_1744.jpg
2026-06-07T20:52:47.198400,2026-06-07,20:52:47,webcam,7,output/motion\motion_20260607_205247_1942.jpg
2026-06-07T20:52:49.210380,2026-06-07,20:52:49,webcam,8,output/motion\motion_20260607_205249_2064.jpg
2026-06-07T20:52:51.621338,2026-06-07,20:52:51,webcam,9,output/motion\motion_20260607_205251_6166.jpg
2026-06-07T20:52:53.642977,2026-06-07,20:52:53,webcam,10,output/motion\motion_20260607_205253_6390.jpg
2026-06-07T20:52:55.655654,2026-06-07,20:52:55,webcam,11,output/motion\motion_20260607_205255_6510.jpg
2026-06-07T20:52:57.659743,2026-06-07,20:52:57,webcam,12,output/motion\motion_20260607_205257_6554.jpg
2026-06-07T20:53:00.431821,2026-06-07,20:53:00,webcam,13,output/motion\motion_20260607_205300_4284.jpg
2026-06-07T20:53:02.458300,2026-06-07,20:53:02,webcam,14,output/motion\motion_20260607_205302_4557.jpg
2026-06-07T20:53:04.486883,2026-06-07,20:53:04,webcam,15,output/motion\motion_20260607_205304_4835.jpg
2026-06-07T20:53:06.502386,2026-06-07,20:53:06,webcam,16,output/motion\motion_20260607_205306_4998.jpg
2026-06-07T20:53:08.532804,2026-06-07,20:53:08,webcam,17,output/motion\motion_20260607_205308_5299.jpg
2026-06-07T20:53:11.268512,2026-06-07,20:53:11,webcam,18,output/motion\motion_20260607_205311_2651.jpg
2026-06-07T20:53:13.928541,2026-06-07,20:53:13,webcam,19,output/motion\motion_20260607_205313_9248.jpg
2026-06-07T20:53:15.954680,2026-06-07,20:53:15,webcam,20,output/motion\motion_20260607_205315_9501.jpg
2026-06-07T20:53:18.441833,2026-06-07,20:53:18,webcam,21,output/motion\motion_20260607_205318_4388.jpg
2026-06-07T20:53:22.558022,2026-06-07,20:53:22,webcam,22,output/motion\motion_20260607_205322_5553.jpg
2026-06-07T20:53:24.591701,2026-06-07,20:53:24,webcam,23,output/motion\motion_20260607_205324_5880.jpg
2026-06-07T20:53:27.375844,2026-06-07,20:53:27,webcam,24,output/motion\motion_20260607_205327_3717.jpg
2026-06-07T20:53:29.454440,2026-06-07,20:53:29,webcam,25,output/motion\motion_20260607_205329_4498.jpg
2026-06-07T20:53:35.416700,2026-06-07,20:53:35,webcam,26,output/motion\motion_20260607_205335_4142.jpg
2026-06-07T20:53:37.457087,2026-06-07,20:53:37,webcam,27,output/motion\motion_20260607_205337_4535.jpg
2026-06-13T20:58:35.716918,2026-06-13,20:58:35,webcam,1,output/motion\motion_20260613_205835_7097.jpg
2026-06-13T20:58:38.890640,2026-06-13,20:58:38,webcam,2,output/motion\motion_20260613_205838_8865.jpg
2026-06-13T20:58:40.931720,2026-06-13,20:58:40,webcam,3,output/motion\motion_20260613_205840_9248.jpg
2026-06-13T20:58:45.004639,2026-06-13,20:58:45,webcam,4,output/motion\motion_20260613_205844_9998.jpg
2026-06-13T20:58:47.385934,2026-06-13,20:58:47,webcam,5,output/motion\motion_20260613_205847_3791.jpg
2026-06-13T20:58:49.407944,2026-06-13,20:58:49,webcam,6,output/motion\motion_20260613_205849_4021.jpg
2026-06-13T20:58:54.958880,2026-06-13,20:58:54,webcam,7,output/motion\motion_20260613_205854_9545.jpg
2026-06-13T20:58:56.998927,2026-06-13,20:58:56,webcam,8,output/motion\motion_20260613_205856_9922.jpg
2026-06-13T20:58:59.415150,2026-06-13,20:58:59,webcam,9,output/motion\motion_20260613_205859_4103.jpg
2026-06-13T20:59:01.460972,2026-06-13,20:59:01,webcam,10,output/motion\motion_20260613_205901_4554.jpg
2026-06-13T20:59:03.974399,2026-06-13,20:59:03,webcam,11,output/motion\motion_20260613_205903_9668.jpg
2026-06-13T20:59:06.000055,2026-06-13,20:59:06,webcam,12,output/motion\motion_20260613_205905_9963.jpg
2026-06-13T20:59:08.073913,2026-06-13,20:59:08,webcam,13,output/motion\motion_20260613_205908_0318.jpg
2026-06-13T20:59:10.100355,2026-06-13,20:59:10,webcam,14,output/motion\motion_20260613_205910_0951.jpg
2026-06-13T20:59:12.139221,2026-06-13,20:59:12,webcam,15,output/motion\motion_20260613_205912_1334.jpg
2026-06-13T20:59:14.193700,2026-06-13,20:59:14,webcam,16,output/motion\motion_20260613_205914_1887.jpg
2026-06-13T20:59:16.249467,2026-06-13,20:59:16,webcam,17,output/motion\motion_20260613_205916_2415.jpg
2026-06-13T20:59:18.248542,2026-06-13,20:59:18,webcam,18,output/motion\motion_20260613_205918_2429.jpg
2026-06-13T20:59:43.828001,2026-06-13,20:59:43,webcam,19,output/motion\motion_20260613_205943_8210.jpg
2026-06-13T20:59:45.822890,2026-06-13,20:59:45,webcam,20,output/motion\motion_20260613_205945_8185.jpg
2026-06-13T20:59:47.835658,2026-06-13,20:59:47,webcam,21,output/motion\motion_20260613_205947_8301.jpg
2026-06-13T20:59:49.893378,2026-06-13,20:59:49,webcam,22,output/motion\motion_20260613_205949_8865.jpg
2026-06-13T20:59:52.063987,2026-06-13,20:59:52,webcam,23,output/motion\motion_20260613_205952_0596.jpg
2026-06-13T20:59:54.072513,2026-06-13,20:59:54,webcam,24,output/motion\motion_20260613_205954_0674.jpg
2026-06-13T20:59:56.116756,2026-06-13,20:59:56,webcam,25,output/motion\motion_20260613_205956_1112.jpg
2026-06-13T20:59:58.162702,2026-06-13,20:59:58,webcam,26,output/motion\motion_20260613_205958_1547.jpg
2026-06-13T21:00:00.194851,2026-06-13,21:00:00,webcam,27,output/motion\motion_20260613_210000_1872.jpg
2026-06-13T21:00:02.220137,2026-06-13,21:00:02,webcam,28,output/motion\motion_20260613_210002_2146.jpg
2026-06-13T21:00:04.238435,2026-06-13,21:00:04,webcam,29,output/motion\motion_20260613_210004_2338.jpg
2026-06-13T21:00:06.254045,2026-06-13,21:00:06,webcam,30,output/motion\motion_20260613_210006_2505.jpg
2026-06-13T21:00:08.260405,2026-06-13,21:00:08,webcam,31,output/motion\motion_20260613_210008_2536.jpg
2026-06-13T21:00:10.272107,2026-06-13,21:00:10,webcam,32,output/motion\motion_20260613_210010_2671.jpg
2026-06-13T21:00:12.573369,2026-06-13,21:00:12,webcam,33,output/motion\motion_20260613_210012_5684.jpg
2026-06-13T21:00:14.615540,2026-06-13,21:00:14,webcam,34,output/motion\motion_20260613_210014_6114.jpg
2026-06-14T13:59:06.167841,2026-06-14,13:59:06,webcam,1,output/motion\motion_20260614_135906_1606.jpg
2026-06-14T13:59:08.291340,2026-06-14,13:59:08,webcam,2,output/motion\motion_20260614_135908_1691.jpg
2026-06-14T13:59:10.310358,2026-06-14,13:59:10,webcam,3,output/motion\motion_20260614_135910_3031.jpg
2026-06-14T13:59:13.632002,2026-06-14,13:59:13,webcam,4,output/motion\motion_20260614_135913_6206.jpg
2026-06-14T13:59:15.694611,2026-06-14,13:59:15,webcam,5,output/motion\motion_20260614_135915_6787.jpg
2026-06-14T13:59:17.679886,2026-06-14,13:59:17,webcam,6,output/motion\motion_20260614_135917_6736.jpg
2026-06-14T13:59:19.841344,2026-06-14,13:59:19,webcam,7,output/motion\motion_20260614_135919_8215.jpg
2026-06-14T13:59:21.796767,2026-06-14,13:59:21,webcam,8,output/motion\motion_20260614_135921_7907.jpg
2026-06-14T13:59:23.841379,2026-06-14,13:59:23,webcam,9,output/motion\motion_20260614_135923_8339.jpg
2026-06-14T13:59:25.862099,2026-06-14,13:59:25,webcam,10,output/motion\motion_20260614_135925_8565.jpg
2026-06-14T13:59:27.887696,2026-06-14,13:59:27,webcam,11,output/motion\motion_20260614_135927_8821.jpg
2026-06-14T13:59:29.908974,2026-06-14,13:59:29,webcam,12,output/motion\motion_20260614_135929_9038.jpg
2026-06-14T13:59:31.952403,2026-06-14,13:59:31,webcam,13,output/motion\motion_20260614_135931_9477.jpg
2026-06-14T13:59:33.983690,2026-06-14,13:59:33,webcam,14,output/motion\motion_20260614_135933_9707.jpg
2026-06-14T13:59:36.031443,2026-06-14,13:59:36,webcam,15,output/motion\motion_20260614_135936_0247.jpg
2026-06-14T13:59:38.066585,2026-06-14,13:59:38,webcam,16,output/motion\motion_20260614_135938_0612.jpg
2026-06-14T13:59:40.073064,2026-06-14,13:59:40,webcam,17,output/motion\motion_20260614_135940_0675.jpg
2026-06-14T13:59:42.127290,2026-06-14,13:59:42,webcam,18,output/motion\motion_20260614_135942_1203.jpg
2026-06-14T13:59:44.157247,2026-06-14,13:59:44,webcam,19,output/motion\motion_20260614_135944_1481.jpg
2026-06-14T13:59:46.149582,2026-06-14,13:59:46,webcam,20,output/motion\motion_20260614_135946_1444.jpg
2026-06-14T13:59:48.160577,2026-06-14,13:59:48,webcam,21,output/motion\motion_20260614_135948_1546.jpg
2026-06-14T13:59:50.198374,2026-06-14,13:59:50,webcam,22,output/motion\motion_20260614_135950_1901.jpg
2026-06-14T13:59:52.195806,2026-06-14,13:59:52,webcam,23,output/motion\motion_20260614_135952_1878.jpg
2026-06-14T13:59:54.236393,2026-06-14,13:59:54,webcam,24,output/motion\motion_20260614_135954_2249.jpg
2026-06-14T13:59:56.241796,2026-06-14,13:59:56,webcam,25,output/motion\motion_20260614_135956_2321.jpg
2026-06-14T13:59:58.974124,2026-06-14,13:59:58,webcam,26,output/motion\motion_20260614_135958_9689.jpg
2026-06-14T14:00:01.015984,2026-06-14,14:00:01,webcam,27,output/motion\motion_20260614_140001_0107.jpg
2026-06-14T14:00:03.038364,2026-06-14,14:00:03,webcam,28,output/motion\motion_20260614_140003_0341.jpg
2026-06-14T14:00:06.585738,2026-06-14,14:00:06,webcam,29,output/motion\motion_20260614_140006_5814.jpg
2026-06-14T14:00:11.286294,2026-06-14,14:00:11,webcam,30,output/motion\motion_20260614_140011_2822.jpg
2026-06-14T14:00:13.605903,2026-06-14,14:00:13,webcam,31,output/motion\motion_20260614_140013_5987.jpg
2026-06-14T14:00:15.671277,2026-06-14,14:00:15,webcam,32,output/motion\motion_20260614_140015_6661.jpg
2026-06-14T14:00:17.769027,2026-06-14,14:00:17,webcam,33,output/motion\motion_20260614_140017_7639.jpg
2026-06-14T14:00:19.785756,2026-06-14,14:00:19,webcam,34,output/motion\motion_20260614_140019_7773.jpg
2026-06-14T14:00:21.814726,2026-06-14,14:00:21,webcam,35,output/motion\motion_20260614_140021_8104.jpg
2026-06-14T14:00:24.082293,2026-06-14,14:00:24,webcam,36,output/motion\motion_20260614_140024_0758.jpg
2026-06-14T14:00:27.029510,2026-06-14,14:00:27,webcam,37,output/motion\motion_20260614_140026_2741.jpg
2026-06-14T14:00:28.303805,2026-06-14,14:00:28,webcam,38,output/motion\motion_20260614_140028_2989.jpg
2026-06-14T14:00:31.036724,2026-06-14,14:00:31,webcam,39,output/motion\motion_20260614_140030_6722.jpg
2026-06-14T14:00:38.122395,2026-06-14,14:00:38,webcam,40,output/motion\motion_20260614_140033_0944.jpg
2026-06-14T14:00:38.597580,2026-06-14,14:00:38,webcam,41,output/motion\motion_20260614_140038_5945.jpg
2026-06-14T14:00:45.441280,2026-06-14,14:00:45,webcam,42,output/motion\motion_20260614_140045_4384.jpg
2026-06-14T14:00:47.727806,2026-06-14,14:00:47,webcam,43,output/motion\motion_20260614_140047_7243.jpg
2026-06-14T14:00:50.072841,2026-06-14,14:00:50,webcam,44,output/motion\motion_20260614_140050_0681.jpg
2026-06-14T14:00:52.093771,2026-06-14,14:00:52,webcam,45,output/motion\motion_20260614_140052_0902.jpg
2026-06-14T14:00:54.139082,2026-06-14,14:00:54,webcam,46,output/motion\motion_20260614_140054_1359.jpg
2026-06-14T14:00:56.162553,2026-06-14,14:00:56,webcam,47,output/motion\motion_20260614_140056_1548.jpg
2026-06-14T14:00:58.199628,2026-06-14,14:00:58,webcam,48,output/motion\motion_20260614_140058_1949.jpg
2026-06-14T14:01:00.202188,2026-06-14,14:01:00,webcam,49,output/motion\motion_20260614_140100_1978.jpg
2026-06-14T14:01:02.226173,2026-06-14,14:01:02,webcam,50,output/motion\motion_20260614_140102_2201.jpg
2026-06-14T14:01:04.271221,2026-06-14,14:01:04,webcam,51,output/motion\motion_20260614_140104_2666.jpg
2026-06-14T14:01:06.312612,2026-06-14,14:01:06,webcam,52,output/motion\motion_20260614_140106_3061.jpg
2026-06-14T14:01:08.327638,2026-06-14,14:01:08,webcam,53,output/motion\motion_20260614_140108_3217.jpg
2026-06-14T14:01:10.379385,2026-06-14,14:01:10,webcam,54,output/motion\motion_20260614_140110_3737.jpg
2026-06-14T14:03:01.738576,2026-06-14,14:03:01,webcam,1,output/motion\motion_20260614_140301_7333.jpg
2026-06-14T14:03:04.777091,2026-06-14,14:03:04,webcam,2,output/motion\motion_20260614_140304_7710.jpg
2026-06-14T14:03:06.927915,2026-06-14,14:03:06,webcam,3,output/motion\motion_20260614_140306_9225.jpg
2026-06-14T14:03:09.003520,2026-06-14,14:03:09,webcam,4,output/motion\motion_20260614_140308_9985.jpg
2026-06-14T14:03:11.052095,2026-06-14,14:03:11,webcam,5,output/motion\motion_20260614_140311_0461.jpg
2026-06-14T14:03:13.113429,2026-06-14,14:03:13,webcam,6,output/motion\motion_20260614_140313_1041.jpg
2026-06-14T14:03:15.154052,2026-06-14,14:03:15,webcam,7,output/motion\motion_20260614_140315_1493.jpg
2026-06-14T14:03:17.221227,2026-06-14,14:03:17,webcam,8,output/motion\motion_20260614_140317_2159.jpg
2026-06-14T14:03:19.301390,2026-06-14,14:03:19,webcam,9,output/motion\motion_20260614_140319_2969.jpg
2026-06-14T14:03:42.334072,2026-06-14,14:03:42,webcam,10,output/motion\motion_20260614_140342_3305.jpg
2026-06-14T14:03:47.975963,2026-06-14,14:03:47,webcam,11,output/motion\motion_20260614_140347_9723.jpg
2026-06-14T14:03:58.714565,2026-06-14,14:03:58,webcam,12,output/motion\motion_20260614_140358_7047.jpg
2026-06-14T14:04:03.556282,2026-06-14,14:04:03,webcam,13,output/motion\motion_20260614_140402_9036.jpg
2026-06-14T14:04:13.942830,2026-06-14,14:04:13,webcam,14,output/motion\motion_20260614_140413_9401.jpg
2026-06-14T14:04:16.411272,2026-06-14,14:04:16,webcam,15,output/motion\motion_20260614_140416_4054.jpg
2026-06-14T14:04:34.527380,2026-06-14,14:04:34,webcam,16,output/motion\motion_20260614_140434_5236.jpg
2026-06-14T14:04:36.585948,2026-06-14,14:04:36,webcam,17,output/motion\motion_20260614_140436_5781.jpg
2026-06-14T14:04:42.322318,2026-06-14,14:04:42,webcam,18,output/motion\motion_20260614_140442_3170.jpg
2026-06-14T14:04:44.556606,2026-06-14,14:04:44,webcam,19,output/motion\motion_20260614_140444_3193.jpg
2026-06-14T14:04:47.845900,2026-06-14,14:04:47,webcam,20,output/motion\motion_20260614_140447_8400.jpg
2026-06-14T14:04:50.212664,2026-06-14,14:04:50,webcam,21,output/motion\motion_20260614_140450_1792.jpg
2026-06-14T14:04:59.125181,2026-06-14,14:04:59,webcam,22,output/motion\motion_20260614_140459_1206.jpg
2026-06-14T14:05:12.984263,2026-06-14,14:05:12,webcam,23,output/motion\motion_20260614_140512_9796.jpg
2026-06-14T14:05:36.402141,2026-06-14,14:05:36,webcam,1,output/motion\motion_20260614_140536_3988.jpg
2026-06-14T14:06:29.117168,2026-06-14,14:06:29,webcam,2,output/motion\motion_20260614_140629_1126.jpg
2026-06-14T14:06:34.718401,2026-06-14,14:06:34,webcam,3,output/motion\motion_20260614_140634_7145.jpg
2026-06-14T14:06:36.744648,2026-06-14,14:06:36,webcam,4,output/motion\motion_20260614_140636_7401.jpg
2026-06-14T14:06:38.777462,2026-06-14,14:06:38,webcam,5,output/motion\motion_20260614_140638_7719.jpg
2026-06-14T14:06:40.795253,2026-06-14,14:06:40,webcam,6,output/motion\motion_20260614_140640_7907.jpg
2026-06-14T14:06:42.830426,2026-06-14,14:06:42,webcam,7,output/motion\motion_20260614_140642_8253.jpg
2026-06-14T14:06:44.847010,2026-06-14,14:06:44,webcam,8,output/motion\motion_20260614_140644_8417.jpg
2026-06-14T14:06:46.849306,2026-06-14,14:06:46,webcam,9,output/motion\motion_20260614_140646_8453.jpg
2026-06-14T14:06:48.895048,2026-06-14,14:06:48,webcam,10,output/motion\motion_20260614_140648_8896.jpg
2026-06-14T14:06:50.945529,2026-06-14,14:06:50,webcam,11,output/motion\motion_20260614_140650_9394.jpg
2026-06-14T14:06:52.966019,2026-06-14,14:06:52,webcam,12,output/motion\motion_20260614_140652_9586.jpg
2026-06-14T14:06:54.957185,2026-06-14,14:06:54,webcam,13,output/motion\motion_20260614_140654_9517.jpg
2026-06-14T14:06:56.986297,2026-06-14,14:06:56,webcam,14,output/motion\motion_20260614_140656_9820.jpg
2026-06-14T14:07:25.722599,2026-06-14,14:07:25,webcam,15,output/motion\motion_20260614_140725_7190.jpg
2026-06-14T14:07:31.121400,2026-06-14,14:07:31,webcam,16,output/motion\motion_20260614_140731_1167.jpg
2026-06-14T14:07:33.153946,2026-06-14,14:07:33,webcam,17,output/motion\motion_20260614_140733_1494.jpg
2026-06-14T14:07:35.163887,2026-06-14,14:07:35,webcam,18,output/motion\motion_20260614_140735_1591.jpg
2026-06-14T14:07:37.191367,2026-06-14,14:07:37,webcam,19,output/motion\motion_20260614_140737_1878.jpg
2026-06-14T14:07:39.219575,2026-06-14,14:07:39,webcam,20,output/motion\motion_20260614_140739_2142.jpg
2026-06-14T14:07:41.270200,2026-06-14,14:07:41,webcam,21,output/motion\motion_20260614_140741_2654.jpg
2026-06-14T14:07:43.361925,2026-06-14,14:07:43,webcam,22,output/motion\motion_20260614_140743_3550.jpg
2026-06-14T14:07:45.381909,2026-06-14,14:07:45,webcam,23,output/motion\motion_20260614_140745_3746.jpg
2026-06-14T14:08:14.844183,2026-06-14,14:08:14,webcam,24,output/motion\motion_20260614_140814_8378.jpg
2026-06-14T14:08:57.004415,2026-06-14,14:08:57,webcam,25,output/motion\motion_20260614_140856_9896.jpg
2026-06-14T14:09:46.766860,2026-06-14,14:09:46,webcam,26,output/motion\motion_20260614_140946_7617.jpg
2026-06-14T14:09:48.780818,2026-06-14,14:09:48,webcam,27,output/motion\motion_20260614_140948_7736.jpg
2026-06-14T14:09:50.776475,2026-06-14,14:09:50,webcam,28,output/motion\motion_20260614_140950_7717.jpg
2026-06-14T14:09:52.799742,2026-06-14,14:09:52,webcam,29,output/motion\motion_20260614_140952_7950.jpg
2026-06-14T14:09:54.825771,2026-06-14,14:09:54,webcam,30,output/motion\motion_20260614_140954_8207.jpg
2026-06-14T15:07:25.269623,2026-06-14,15:07:25,webcam,1,output/motion\motion_20260614_150725_2673.jpg
2026-06-14T15:07:27.286666,2026-06-14,15:07:27,webcam,2,output/motion\motion_20260614_150727_2837.jpg
2026-06-14T15:07:29.332162,2026-06-14,15:07:29,webcam,3,output/motion\motion_20260614_150729_3284.jpg
2026-06-14T15:07:31.373059,2026-06-14,15:07:31,webcam,4,output/motion\motion_20260614_150731_3692.jpg
2026-06-14T15:07:33.396381,2026-06-14,15:07:33,webcam,5,output/motion\motion_20260614_150733_3921.jpg
2026-06-14T15:07:35.462417,2026-06-14,15:07:35,webcam,6,output/motion\motion_20260614_150735_4550.jpg
2026-06-14T15:07:37.510804,2026-06-14,15:07:37,webcam,7,output/motion\motion_20260614_150737_5045.jpg
