timestamp,date,time,source,total_objects,object_names,image_path
2026-06-06T18:32:10.279954,2026-06-06,18:32:10,,1,,
2026-06-07T14:13:08.314765,2026-06-07,14:13:08,web_upload,3,person,output/object\web_detect_20260607_141308_3020.jpg
2026-06-07T15:29:47.328276,2026-06-07,15:29:47,webcam,1,sports ball,output/object\webcam_detect_20260607_152947_3226.jpg
2026-06-07T15:29:52.105911,2026-06-07,15:29:52,webcam,1,skateboard,output/object\webcam_detect_20260607_152952_0990.jpg
2026-06-07T15:29:59.904709,2026-06-07,15:29:59,webcam,1,cat,output/object\webcam_detect_20260607_152959_8994.jpg
2026-06-07T15:30:02.976339,2026-06-07,15:30:02,webcam,1,cat,output/object\webcam_detect_20260607_153002_9712.jpg
2026-06-07T15:30:06.481286,2026-06-07,15:30:06,webcam,1,keyboard,output/object\webcam_detect_20260607_153006_4758.jpg
2026-06-07T15:30:14.199025,2026-06-07,15:30:14,webcam,1,person,output/object\webcam_detect_20260607_153014_1948.jpg
2026-06-07T15:30:18.223182,2026-06-07,15:30:18,webcam,1,laptop,output/object\webcam_detect_20260607_153018_2194.jpg
2026-06-07T15:30:21.411266,2026-06-07,15:30:21,webcam,1,dog,output/object\webcam_detect_20260607_153021_4064.jpg
2026-06-07T15:30:24.660014,2026-06-07,15:30:24,webcam,1,person,output/object\webcam_detect_20260607_153024_6502.jpg
2026-06-07T15:30:27.695344,2026-06-07,15:30:27,webcam,1,dog,output/object\webcam_detect_20260607_153027_6903.jpg
2026-06-07T15:30:30.960758,2026-06-07,15:30:30,webcam,1,dog,output/object\webcam_detect_20260607_153030_9564.jpg
2026-06-07T15:30:34.017310,2026-06-07,15:30:34,webcam,1,cat,output/object\webcam_detect_20260607_153034_0123.jpg
2026-06-07T15:30:39.309070,2026-06-07,15:30:39,webcam,1,cat,output/object\webcam_detect_20260607_153039_2980.jpg
2026-06-07T15:30:43.661413,2026-06-07,15:30:43,webcam,1,person,output/object\webcam_detect_20260607_153043_6544.jpg
2026-06-07T15:30:46.721068,2026-06-07,15:30:46,webcam,1,person,output/object\webcam_detect_20260607_153046_7144.jpg
2026-06-07T15:30:49.873482,2026-06-07,15:30:49,webcam,1,person,output/object\webcam_detect_20260607_153049_8700.jpg
2026-06-07T15:30:53.353808,2026-06-07,15:30:53,webcam,1,person,output/object\webcam_detect_20260607_153053_3490.jpg
2026-06-07T15:30:56.374956,2026-06-07,15:30:56,webcam,1,person,output/object\webcam_detect_20260607_153056_3709.jpg
2026-06-07T15:30:59.840648,2026-06-07,15:30:59,webcam,1,person,output/object\webcam_detect_20260607_153059_8376.jpg
2026-06-07T15:31:07.353902,2026-06-07,15:31:07,webcam,1,bird,output/object\webcam_detect_20260607_153107_3432.jpg
2026-06-07T17:25:43.318799,2026-06-07,17:25:43,webcam,1,person,output/object\webcam_detect_20260607_172543_3093.jpg
2026-06-07T17:25:46.804137,2026-06-07,17:25:46,webcam,1,person,output/object\webcam_detect_20260607_172546_7999.jpg
2026-06-07T17:25:49.912097,2026-06-07,17:25:49,webcam,1,person,output/object\webcam_detect_20260607_172549_9038.jpg
2026-06-07T17:25:52.952353,2026-06-07,17:25:52,webcam,1,person,output/object\webcam_detect_20260607_172552_9486.jpg
2026-06-07T17:25:55.983315,2026-06-07,17:25:55,webcam,1,person,output/object\webcam_detect_20260607_172555_9779.jpg
2026-06-07T17:25:59.098477,2026-06-07,17:25:59,webcam,2,person,output/object\webcam_detect_20260607_172559_0932.jpg
2026-06-07T17:26:02.257330,2026-06-07,17:26:02,webcam,1,person,output/object\webcam_detect_20260607_172602_2521.jpg
2026-06-07T17:26:05.322710,2026-06-07,17:26:05,webcam,1,person,output/object\webcam_detect_20260607_172605_3180.jpg
2026-06-07T17:26:08.541356,2026-06-07,17:26:08,webcam,1,person,output/object\webcam_detect_20260607_172608_5350.jpg
2026-06-07T17:26:13.090678,2026-06-07,17:26:13,webcam,1,person,output/object\webcam_detect_20260607_172613_0808.jpg
2026-06-07T17:26:30.323713,2026-06-07,17:26:30,webcam,2,person,output/object\webcam_detect_20260607_172630_3180.jpg
2026-06-07T17:26:33.507436,2026-06-07,17:26:33,webcam,1,person,output/object\webcam_detect_20260607_172633_5040.jpg
2026-06-07T17:26:37.641001,2026-06-07,17:26:37,webcam,2,"person, bottle",output/object\webcam_detect_20260607_172637_6336.jpg
2026-06-07T17:26:40.851735,2026-06-07,17:26:40,webcam,1,person,output/object\webcam_detect_20260607_172640_8468.jpg
2026-06-07T17:26:55.635809,2026-06-07,17:26:55,webcam,1,person,output/object\webcam_detect_20260607_172655_6316.jpg
2026-06-07T17:26:58.920725,2026-06-07,17:26:58,webcam,1,person,output/object\webcam_detect_20260607_172658_9165.jpg
2026-06-07T17:27:02.818453,2026-06-07,17:27:02,webcam,1,person,output/object\webcam_detect_20260607_172702_6683.jpg
2026-06-07T17:27:05.863894,2026-06-07,17:27:05,webcam,1,person,output/object\webcam_detect_20260607_172705_8588.jpg
2026-06-07T17:27:09.018985,2026-06-07,17:27:09,webcam,2,person,output/object\webcam_detect_20260607_172709_0133.jpg
2026-06-07T17:27:12.341488,2026-06-07,17:27:12,webcam,1,person,output/object\webcam_detect_20260607_172712_3357.jpg
2026-06-07T17:27:15.424561,2026-06-07,17:27:15,webcam,1,person,output/object\webcam_detect_20260607_172715_4191.jpg
2026-06-07T17:27:18.617904,2026-06-07,17:27:18,webcam,1,person,output/object\webcam_detect_20260607_172718_6127.jpg
2026-06-07T17:27:22.376076,2026-06-07,17:27:22,webcam,1,person,output/object\webcam_detect_20260607_172722_3715.jpg
2026-06-07T17:27:25.402550,2026-06-07,17:27:25,webcam,1,person,output/object\webcam_detect_20260607_172725_3972.jpg
2026-06-07T17:27:29.461954,2026-06-07,17:27:29,webcam,1,person,output/object\webcam_detect_20260607_172729_4565.jpg
2026-06-07T17:27:33.243290,2026-06-07,17:27:33,webcam,1,person,output/object\webcam_detect_20260607_172733_2377.jpg
2026-06-07T17:27:36.458209,2026-06-07,17:27:36,webcam,2,person,output/object\webcam_detect_20260607_172736_4520.jpg
2026-06-07T17:27:39.508968,2026-06-07,17:27:39,webcam,1,person,output/object\webcam_detect_20260607_172739_5028.jpg
2026-06-07T17:27:42.527452,2026-06-07,17:27:42,webcam,1,person,output/object\webcam_detect_20260607_172742_5217.jpg
2026-06-07T17:27:46.646745,2026-06-07,17:27:46,webcam,1,person,output/object\webcam_detect_20260607_172746_6414.jpg
2026-06-07T17:27:49.720214,2026-06-07,17:27:49,webcam,2,person,output/object\webcam_detect_20260607_172749_7152.jpg
2026-06-07T17:27:53.974975,2026-06-07,17:27:53,webcam,2,"person, bottle",output/object\webcam_detect_20260607_172753_9695.jpg
2026-06-07T17:27:57.053547,2026-06-07,17:27:57,webcam,1,person,output/object\webcam_detect_20260607_172757_0484.jpg
2026-06-07T17:28:00.232309,2026-06-07,17:28:00,webcam,2,person,output/object\webcam_detect_20260607_172800_2270.jpg
2026-06-07T17:28:03.279027,2026-06-07,17:28:03,webcam,1,person,output/object\webcam_detect_20260607_172803_2736.jpg
2026-06-07T17:28:21.841567,2026-06-07,17:28:21,webcam,1,person,output/object\webcam_detect_20260607_172821_8373.jpg
2026-06-07T17:28:24.884250,2026-06-07,17:28:24,webcam,1,person,output/object\webcam_detect_20260607_172824_8810.jpg
2026-06-07T17:28:28.051362,2026-06-07,17:28:28,webcam,1,person,output/object\webcam_detect_20260607_172828_0457.jpg
2026-06-07T17:28:31.106553,2026-06-07,17:28:31,webcam,1,person,output/object\webcam_detect_20260607_172831_1021.jpg
2026-06-07T17:28:34.447520,2026-06-07,17:28:34,webcam,1,person,output/object\webcam_detect_20260607_172834_4407.jpg
2026-06-07T17:28:38.030572,2026-06-07,17:28:38,webcam,1,person,output/object\webcam_detect_20260607_172838_0237.jpg
2026-06-07T17:28:43.637545,2026-06-07,17:28:43,webcam,1,person,output/object\webcam_detect_20260607_172843_6258.jpg
2026-06-07T17:28:47.749930,2026-06-07,17:28:47,webcam,1,person,output/object\webcam_detect_20260607_172847_7328.jpg
2026-06-07T17:28:51.192525,2026-06-07,17:28:51,webcam,1,person,output/object\webcam_detect_20260607_172851_1862.jpg
2026-06-07T17:28:54.456402,2026-06-07,17:28:54,webcam,1,person,output/object\webcam_detect_20260607_172854_4485.jpg
2026-06-07T17:28:57.706834,2026-06-07,17:28:57,webcam,1,person,output/object\webcam_detect_20260607_172857_7001.jpg
2026-06-07T17:29:01.365140,2026-06-07,17:29:01,webcam,1,person,output/object\webcam_detect_20260607_172901_3587.jpg
2026-06-07T17:29:04.486800,2026-06-07,17:29:04,webcam,1,person,output/object\webcam_detect_20260607_172904_4794.jpg
2026-06-07T17:29:07.695883,2026-06-07,17:29:07,webcam,1,person,output/object\webcam_detect_20260607_172907_6906.jpg
2026-06-07T17:29:12.107483,2026-06-07,17:29:12,webcam,1,person,output/object\webcam_detect_20260607_172912_0915.jpg
2026-06-07T17:35:27.893767,2026-06-07,17:35:27,webcam,1,person,output/object\webcam_detect_20260607_173527_8894.jpg
2026-06-07T17:35:30.938465,2026-06-07,17:35:30,webcam,1,person,output/object\webcam_detect_20260607_173530_9346.jpg
2026-06-07T17:35:34.199440,2026-06-07,17:35:34,webcam,1,person,output/object\webcam_detect_20260607_173534_1956.jpg
2026-06-07T17:35:37.242332,2026-06-07,17:35:37,webcam,1,person,output/object\webcam_detect_20260607_173537_2386.jpg
2026-06-07T17:35:40.399596,2026-06-07,17:35:40,webcam,1,person,output/object\webcam_detect_20260607_173540_3940.jpg
2026-06-07T17:35:43.485268,2026-06-07,17:35:43,webcam,1,person,output/object\webcam_detect_20260607_173543_4799.jpg
2026-06-07T17:35:46.531396,2026-06-07,17:35:46,webcam,1,person,output/object\webcam_detect_20260607_173546_5258.jpg
2026-06-07T17:35:49.726427,2026-06-07,17:35:49,webcam,1,person,output/object\webcam_detect_20260607_173549_7206.jpg
2026-06-07T17:35:52.903207,2026-06-07,17:35:52,webcam,1,person,output/object\webcam_detect_20260607_173552_8963.jpg
2026-06-07T17:35:55.919452,2026-06-07,17:35:55,webcam,2,person,output/object\webcam_detect_20260607_173555_9146.jpg
2026-06-07T17:35:58.962390,2026-06-07,17:35:58,webcam,1,person,output/object\webcam_detect_20260607_173558_9571.jpg
2026-06-07T17:36:02.228171,2026-06-07,17:36:02,webcam,1,person,output/object\webcam_detect_20260607_173602_2229.jpg
2026-06-07T17:36:05.298194,2026-06-07,17:36:05,webcam,1,person,output/object\webcam_detect_20260607_173605_2926.jpg
2026-06-07T17:36:09.180317,2026-06-07,17:36:09,webcam,1,person,output/object\webcam_detect_20260607_173609_1747.jpg
2026-06-07T17:39:53.569302,2026-06-07,17:39:53,webcam,1,person,output/object\webcam_detect_20260607_173953_5622.jpg
2026-06-07T17:39:57.100949,2026-06-07,17:39:57,webcam,1,person,output/object\webcam_detect_20260607_173957_0945.jpg
2026-06-07T17:40:00.124496,2026-06-07,17:40:00,webcam,1,person,output/object\webcam_detect_20260607_174000_1178.jpg
2026-06-07T17:40:03.136593,2026-06-07,17:40:03,webcam,1,person,output/object\webcam_detect_20260607_174003_1299.jpg
2026-06-07T17:40:06.369922,2026-06-07,17:40:06,webcam,2,"person, cell phone",output/object\webcam_detect_20260607_174006_3643.jpg
2026-06-07T17:40:09.919715,2026-06-07,17:40:09,webcam,1,person,output/object\webcam_detect_20260607_174009_9120.jpg
2026-06-07T17:40:43.210914,2026-06-07,17:40:43,webcam,1,person,output/object\webcam_detect_20260607_174043_2039.jpg
2026-06-07T17:40:46.345292,2026-06-07,17:40:46,webcam,1,person,output/object\webcam_detect_20260607_174046_3402.jpg
2026-06-07T17:40:49.365054,2026-06-07,17:40:49,webcam,1,person,output/object\webcam_detect_20260607_174049_3579.jpg
2026-06-07T17:40:52.706369,2026-06-07,17:40:52,webcam,1,person,output/object\webcam_detect_20260607_174052_7005.jpg
2026-06-07T17:40:55.738132,2026-06-07,17:40:55,webcam,1,person,output/object\webcam_detect_20260607_174055_7332.jpg
2026-06-07T17:40:58.756122,2026-06-07,17:40:58,webcam,1,person,output/object\webcam_detect_20260607_174058_7506.jpg
2026-06-07T20:58:43.141219,2026-06-07,20:58:43,webcam,1,person,output/object\webcam_detect_20260607_205843_1385.jpg
2026-06-13T15:47:39.505657,2026-06-13,15:47:39,webcam,1,person,output/object\webcam_detect_20260613_154739_4952.jpg
2026-06-13T15:47:42.577311,2026-06-13,15:47:42,webcam,1,banana,output/object\webcam_detect_20260613_154742_5679.jpg
2026-06-13T15:47:51.271254,2026-06-13,15:47:51,webcam,1,cat,output/object\webcam_detect_20260613_154751_2666.jpg
2026-06-13T20:55:25.407097,2026-06-13,20:55:25,webcam,2,person,output/object\webcam_detect_20260613_205525_4008.jpg
2026-06-13T20:55:28.508985,2026-06-13,20:55:28,webcam,2,person,output/object\webcam_detect_20260613_205528_5032.jpg
2026-06-13T20:55:32.056916,2026-06-13,20:55:32,webcam,2,person,output/object\webcam_detect_20260613_205532_0523.jpg
2026-06-13T20:55:35.213623,2026-06-13,20:55:35,webcam,2,person,output/object\webcam_detect_20260613_205535_2068.jpg
2026-06-13T20:55:38.297510,2026-06-13,20:55:38,webcam,2,person,output/object\webcam_detect_20260613_205538_2920.jpg
2026-06-13T20:55:41.515809,2026-06-13,20:55:41,webcam,3,"cell phone, person",output/object\webcam_detect_20260613_205541_5089.jpg
2026-06-13T20:55:44.583735,2026-06-13,20:55:44,webcam,2,person,output/object\webcam_detect_20260613_205544_5798.jpg
2026-06-13T20:55:47.744745,2026-06-13,20:55:47,webcam,1,person,output/object\webcam_detect_20260613_205547_7384.jpg
2026-06-13T20:55:50.882813,2026-06-13,20:55:50,webcam,2,person,output/object\webcam_detect_20260613_205550_8768.jpg
2026-06-13T20:55:53.981433,2026-06-13,20:55:53,webcam,2,person,output/object\webcam_detect_20260613_205553_9760.jpg
2026-06-13T20:55:57.085453,2026-06-13,20:55:57,webcam,1,person,output/object\webcam_detect_20260613_205557_0790.jpg
2026-06-13T20:56:00.158054,2026-06-13,20:56:00,webcam,1,person,output/object\webcam_detect_20260613_205600_1515.jpg
2026-06-13T20:56:03.364641,2026-06-13,20:56:03,webcam,2,person,output/object\webcam_detect_20260613_205603_3576.jpg
2026-06-13T22:03:33.160969,2026-06-13,22:03:33,webcam,2,"person, chair",output/object\webcam_detect_20260613_220333_1573.jpg
2026-06-13T22:03:37.026771,2026-06-13,22:03:37,webcam,2,"person, chair",output/object\webcam_detect_20260613_220337_0237.jpg
2026-06-13T22:03:40.076517,2026-06-13,22:03:40,webcam,2,person,output/object\webcam_detect_20260613_220340_0732.jpg
2026-06-13T22:03:43.100798,2026-06-13,22:03:43,webcam,2,person,output/object\webcam_detect_20260613_220343_0977.jpg
2026-06-13T22:03:46.111887,2026-06-13,22:03:46,webcam,2,person,output/object\webcam_detect_20260613_220346_1079.jpg
2026-06-13T22:03:49.277223,2026-06-13,22:03:49,webcam,2,person,output/object\webcam_detect_20260613_220349_2706.jpg
2026-06-13T22:03:52.484252,2026-06-13,22:03:52,webcam,3,"person, chair",output/object\webcam_detect_20260613_220352_4807.jpg
2026-06-13T22:03:55.525830,2026-06-13,22:03:55,webcam,2,person,output/object\webcam_detect_20260613_220355_5180.jpg
2026-06-13T22:03:58.643868,2026-06-13,22:03:58,webcam,4,"person, chair",output/object\webcam_detect_20260613_220358_6394.jpg
2026-06-13T22:04:01.819135,2026-06-13,22:04:01,webcam,1,person,output/object\webcam_detect_20260613_220401_8162.jpg
2026-06-13T22:04:04.930668,2026-06-13,22:04:04,webcam,1,person,output/object\webcam_detect_20260613_220404_9275.jpg
2026-06-13T22:04:08.006472,2026-06-13,22:04:08,webcam,1,person,output/object\webcam_detect_20260613_220408_0026.jpg
2026-06-13T22:04:11.011192,2026-06-13,22:04:11,webcam,1,person,output/object\webcam_detect_20260613_220411_0083.jpg
2026-06-13T22:04:14.064917,2026-06-13,22:04:14,webcam,1,person,output/object\webcam_detect_20260613_220414_0620.jpg
2026-06-13T22:04:17.817267,2026-06-13,22:04:17,webcam,1,person,output/object\webcam_detect_20260613_220417_8132.jpg
2026-06-13T22:04:20.956252,2026-06-13,22:04:20,webcam,1,person,output/object\webcam_detect_20260613_220420_9523.jpg
2026-06-13T22:04:24.076033,2026-06-13,22:04:24,webcam,1,person,output/object\webcam_detect_20260613_220424_0712.jpg
2026-06-13T22:04:27.134799,2026-06-13,22:04:27,webcam,1,person,output/object\webcam_detect_20260613_220427_1324.jpg
2026-06-13T22:04:30.288132,2026-06-13,22:04:30,webcam,1,person,output/object\webcam_detect_20260613_220430_2844.jpg
2026-06-13T22:04:33.332772,2026-06-13,22:04:33,webcam,1,person,output/object\webcam_detect_20260613_220433_3294.jpg
2026-06-13T22:04:36.362443,2026-06-13,22:04:36,webcam,1,person,output/object\webcam_detect_20260613_220436_3588.jpg
2026-06-13T22:04:40.268786,2026-06-13,22:04:40,webcam,1,person,output/object\webcam_detect_20260613_220440_2491.jpg
2026-06-13T22:04:43.944270,2026-06-13,22:04:43,webcam,1,person,output/object\webcam_detect_20260613_220443_9380.jpg
2026-06-13T22:04:47.095336,2026-06-13,22:04:47,webcam,1,person,output/object\webcam_detect_20260613_220447_0921.jpg
2026-06-13T22:04:50.262443,2026-06-13,22:04:50,webcam,1,person,output/object\webcam_detect_20260613_220450_2559.jpg
2026-06-13T22:04:53.364390,2026-06-13,22:04:53,webcam,1,person,output/object\webcam_detect_20260613_220453_3606.jpg
2026-06-13T22:04:56.374899,2026-06-13,22:04:56,webcam,1,person,output/object\webcam_detect_20260613_220456_3690.jpg
2026-06-13T22:04:59.393793,2026-06-13,22:04:59,webcam,1,person,output/object\webcam_detect_20260613_220459_3840.jpg
2026-06-13T22:05:02.892571,2026-06-13,22:05:02,webcam,1,person,output/object\webcam_detect_20260613_220502_8889.jpg
2026-06-13T22:05:05.933784,2026-06-13,22:05:05,webcam,1,person,output/object\webcam_detect_20260613_220505_9288.jpg
2026-06-13T22:05:09.013581,2026-06-13,22:05:09,webcam,1,person,output/object\webcam_detect_20260613_220508_9642.jpg
2026-06-13T22:05:12.081756,2026-06-13,22:05:12,webcam,1,person,output/object\webcam_detect_20260613_220512_0771.jpg
2026-06-13T22:05:15.159889,2026-06-13,22:05:15,webcam,1,person,output/object\webcam_detect_20260613_220515_1546.jpg
2026-06-13T22:05:18.284879,2026-06-13,22:05:18,webcam,1,person,output/object\webcam_detect_20260613_220518_2806.jpg
2026-06-13T22:05:21.325277,2026-06-13,22:05:21,webcam,1,person,output/object\webcam_detect_20260613_220521_3201.jpg
2026-06-13T22:05:24.412115,2026-06-13,22:05:24,webcam,1,person,output/object\webcam_detect_20260613_220524_4076.jpg
2026-06-13T22:05:27.562642,2026-06-13,22:05:27,webcam,1,person,output/object\webcam_detect_20260613_220527_5571.jpg
2026-06-13T22:05:30.657124,2026-06-13,22:05:30,webcam,1,person,output/object\webcam_detect_20260613_220530_6519.jpg
2026-06-13T22:05:33.725912,2026-06-13,22:05:33,webcam,1,person,output/object\webcam_detect_20260613_220533_7209.jpg
2026-06-13T22:05:36.781399,2026-06-13,22:05:36,webcam,1,person,output/object\webcam_detect_20260613_220536_7766.jpg
2026-06-13T22:05:39.912445,2026-06-13,22:05:39,webcam,1,person,output/object\webcam_detect_20260613_220539_9073.jpg
2026-06-13T22:05:43.107618,2026-06-13,22:05:43,webcam,1,person,output/object\webcam_detect_20260613_220543_1018.jpg
2026-06-13T22:05:46.156338,2026-06-13,22:05:46,webcam,1,person,output/object\webcam_detect_20260613_220546_1510.jpg
2026-06-13T22:05:49.229591,2026-06-13,22:05:49,webcam,1,person,output/object\webcam_detect_20260613_220549_2244.jpg
2026-06-13T22:05:52.530147,2026-06-13,22:05:52,webcam,1,person,output/object\webcam_detect_20260613_220552_5154.jpg
2026-06-13T22:05:56.813457,2026-06-13,22:05:56,webcam,1,person,output/object\webcam_detect_20260613_220556_8019.jpg
2026-06-13T22:06:00.280379,2026-06-13,22:06:00,webcam,1,person,output/object\webcam_detect_20260613_220600_2655.jpg
2026-06-13T22:06:03.762515,2026-06-13,22:06:03,webcam,1,person,output/object\webcam_detect_20260613_220603_7547.jpg
2026-06-13T22:06:06.848511,2026-06-13,22:06:06,webcam,2,person,output/object\webcam_detect_20260613_220606_8435.jpg
2026-06-13T22:06:10.019722,2026-06-13,22:06:10,webcam,3,"person, chair",output/object\webcam_detect_20260613_220609_8923.jpg
2026-06-13T22:06:12.997159,2026-06-13,22:06:12,webcam,1,person,output/object\webcam_detect_20260613_220612_9921.jpg
2026-06-13T22:06:16.359859,2026-06-13,22:06:16,webcam,1,person,output/object\webcam_detect_20260613_220616_3043.jpg
2026-06-13T22:06:19.381824,2026-06-13,22:06:19,webcam,1,person,output/object\webcam_detect_20260613_220619_3762.jpg
2026-06-13T22:06:22.392440,2026-06-13,22:06:22,webcam,1,person,output/object\webcam_detect_20260613_220622_3858.jpg
2026-06-13T22:06:25.782387,2026-06-13,22:06:25,webcam,1,person,output/object\webcam_detect_20260613_220625_7638.jpg
2026-06-13T22:06:28.806923,2026-06-13,22:06:28,webcam,1,person,output/object\webcam_detect_20260613_220628_8011.jpg
2026-06-13T22:06:31.813022,2026-06-13,22:06:31,webcam,1,person,output/object\webcam_detect_20260613_220631_8042.jpg
2026-06-13T22:06:35.233185,2026-06-13,22:06:35,webcam,1,person,output/object\webcam_detect_20260613_220635_2278.jpg
2026-06-13T22:06:38.436300,2026-06-13,22:06:38,webcam,1,person,output/object\webcam_detect_20260613_220638_4312.jpg
2026-06-13T22:06:43.465492,2026-06-13,22:06:43,webcam,1,person,output/object\webcam_detect_20260613_220643_4526.jpg
2026-06-13T22:06:47.828178,2026-06-13,22:06:47,webcam,1,person,output/object\webcam_detect_20260613_220647_8206.jpg
2026-06-13T22:06:50.851652,2026-06-13,22:06:50,webcam,1,person,output/object\webcam_detect_20260613_220650_8469.jpg
2026-06-13T22:06:53.878610,2026-06-13,22:06:53,webcam,1,person,output/object\webcam_detect_20260613_220653_8738.jpg
2026-06-13T22:06:56.983844,2026-06-13,22:06:56,webcam,1,person,output/object\webcam_detect_20260613_220656_9786.jpg
2026-06-13T22:07:00.067337,2026-06-13,22:07:00,webcam,2,"person, banana",output/object\webcam_detect_20260613_220700_0629.jpg
2026-06-13T22:07:03.080009,2026-06-13,22:07:03,webcam,2,person,output/object\webcam_detect_20260613_220703_0754.jpg
2026-06-13T22:07:06.761130,2026-06-13,22:07:06,webcam,1,person,output/object\webcam_detect_20260613_220706_7524.jpg
2026-06-13T22:07:10.043760,2026-06-13,22:07:10,webcam,1,person,output/object\webcam_detect_20260613_220710_0344.jpg
2026-06-13T22:07:13.347710,2026-06-13,22:07:13,webcam,1,person,output/object\webcam_detect_20260613_220713_3411.jpg
2026-06-13T22:07:16.679892,2026-06-13,22:07:16,webcam,1,person,output/object\webcam_detect_20260613_220716_6696.jpg
2026-06-13T22:07:20.016660,2026-06-13,22:07:20,webcam,1,person,output/object\webcam_detect_20260613_220720_0116.jpg
2026-06-13T22:07:23.106043,2026-06-13,22:07:23,webcam,1,person,output/object\webcam_detect_20260613_220723_1026.jpg
2026-06-13T22:07:26.195131,2026-06-13,22:07:26,webcam,1,person,output/object\webcam_detect_20260613_220726_1883.jpg
2026-06-13T22:07:29.220169,2026-06-13,22:07:29,webcam,1,person,output/object\webcam_detect_20260613_220729_2149.jpg
2026-06-13T22:07:32.267654,2026-06-13,22:07:32,webcam,1,person,output/object\webcam_detect_20260613_220732_2608.jpg
2026-06-13T22:07:35.702379,2026-06-13,22:07:35,webcam,1,person,output/object\webcam_detect_20260613_220735_6769.jpg
2026-06-13T22:07:39.437730,2026-06-13,22:07:39,webcam,1,person,output/object\webcam_detect_20260613_220739_4306.jpg
2026-06-13T22:07:42.557401,2026-06-13,22:07:42,webcam,1,person,output/object\webcam_detect_20260613_220742_5517.jpg
2026-06-13T22:07:45.760433,2026-06-13,22:07:45,webcam,1,person,output/object\webcam_detect_20260613_220745_7551.jpg
2026-06-13T22:07:48.926785,2026-06-13,22:07:48,webcam,1,person,output/object\webcam_detect_20260613_220748_9203.jpg
2026-06-13T22:07:52.370462,2026-06-13,22:07:52,webcam,1,person,output/object\webcam_detect_20260613_220752_3650.jpg
2026-06-13T22:07:55.629561,2026-06-13,22:07:55,webcam,1,person,output/object\webcam_detect_20260613_220755_6168.jpg
2026-06-13T22:07:59.008758,2026-06-13,22:07:59,webcam,1,person,output/object\webcam_detect_20260613_220759_0014.jpg
2026-06-13T22:08:02.498598,2026-06-13,22:08:02,webcam,3,person,output/object\webcam_detect_20260613_220802_4936.jpg
2026-06-13T22:08:06.098109,2026-06-13,22:08:06,webcam,1,person,output/object\webcam_detect_20260613_220806_0880.jpg
2026-06-13T22:08:09.125692,2026-06-13,22:08:09,webcam,1,person,output/object\webcam_detect_20260613_220809_1202.jpg
2026-06-13T22:08:12.173362,2026-06-13,22:08:12,webcam,1,person,output/object\webcam_detect_20260613_220812_1669.jpg
2026-06-13T22:08:15.213831,2026-06-13,22:08:15,webcam,1,person,output/object\webcam_detect_20260613_220815_2083.jpg
2026-06-13T22:08:18.394351,2026-06-13,22:08:18,webcam,1,person,output/object\webcam_detect_20260613_220818_3882.jpg
2026-06-13T22:08:22.012266,2026-06-13,22:08:22,webcam,1,person,output/object\webcam_detect_20260613_220822_0069.jpg
2026-06-13T22:08:25.086947,2026-06-13,22:08:25,webcam,1,person,output/object\webcam_detect_20260613_220825_0816.jpg
2026-06-13T22:08:28.247175,2026-06-13,22:08:28,webcam,1,person,output/object\webcam_detect_20260613_220828_2338.jpg
2026-06-13T22:08:31.816355,2026-06-13,22:08:31,webcam,1,person,output/object\webcam_detect_20260613_220831_8099.jpg
2026-06-13T22:08:35.705804,2026-06-13,22:08:35,webcam,1,person,output/object\webcam_detect_20260613_220835_6997.jpg
2026-06-13T22:08:38.918774,2026-06-13,22:08:38,webcam,1,person,output/object\webcam_detect_20260613_220838_9127.jpg
2026-06-13T22:08:42.099638,2026-06-13,22:08:42,webcam,1,person,output/object\webcam_detect_20260613_220842_0738.jpg
2026-06-13T22:08:45.084309,2026-06-13,22:08:45,webcam,1,person,output/object\webcam_detect_20260613_220845_0798.jpg
2026-06-13T22:08:48.123360,2026-06-13,22:08:48,webcam,1,person,output/object\webcam_detect_20260613_220848_1178.jpg
2026-06-13T22:08:51.849691,2026-06-13,22:08:51,webcam,1,person,output/object\webcam_detect_20260613_220851_8450.jpg
2026-06-13T22:08:55.022628,2026-06-13,22:08:55,webcam,1,person,output/object\webcam_detect_20260613_220855_0174.jpg
2026-06-13T22:08:58.071420,2026-06-13,22:08:58,webcam,1,person,output/object\webcam_detect_20260613_220858_0655.jpg
2026-06-13T22:09:01.142176,2026-06-13,22:09:01,webcam,2,"person, chair",output/object\webcam_detect_20260613_220901_1371.jpg
2026-06-13T22:09:04.988150,2026-06-13,22:09:04,webcam,2,"person, chair",output/object\webcam_detect_20260613_220904_9829.jpg
2026-06-13T22:09:08.307995,2026-06-13,22:09:08,webcam,1,person,output/object\webcam_detect_20260613_220908_3022.jpg
2026-06-13T22:09:11.484666,2026-06-13,22:09:11,webcam,1,person,output/object\webcam_detect_20260613_220911_4800.jpg
2026-06-13T22:09:14.549924,2026-06-13,22:09:14,webcam,1,person,output/object\webcam_detect_20260613_220914_5452.jpg
2026-06-13T22:09:17.712471,2026-06-13,22:09:17,webcam,1,person,output/object\webcam_detect_20260613_220917_7076.jpg
2026-06-13T22:09:20.842505,2026-06-13,22:09:20,webcam,1,person,output/object\webcam_detect_20260613_220920_8374.jpg
2026-06-13T22:09:24.378698,2026-06-13,22:09:24,webcam,1,person,output/object\webcam_detect_20260613_220924_3715.jpg
2026-06-13T22:09:27.839713,2026-06-13,22:09:27,webcam,1,person,output/object\webcam_detect_20260613_220927_8329.jpg
2026-06-13T22:09:30.987454,2026-06-13,22:09:30,webcam,1,person,output/object\webcam_detect_20260613_220930_9705.jpg
2026-06-13T22:09:34.121456,2026-06-13,22:09:34,webcam,1,person,output/object\webcam_detect_20260613_220934_1159.jpg
2026-06-13T22:09:37.297318,2026-06-13,22:09:37,webcam,2,person,output/object\webcam_detect_20260613_220937_2896.jpg
2026-06-13T22:09:40.465523,2026-06-13,22:09:40,webcam,2,person,output/object\webcam_detect_20260613_220940_4598.jpg
2026-06-13T22:09:43.566829,2026-06-13,22:09:43,webcam,2,person,output/object\webcam_detect_20260613_220943_5614.jpg
2026-06-13T22:09:47.326566,2026-06-13,22:09:47,webcam,2,person,output/object\webcam_detect_20260613_220947_3171.jpg
2026-06-13T22:09:50.862558,2026-06-13,22:09:50,webcam,2,person,output/object\webcam_detect_20260613_220950_8477.jpg
2026-06-13T22:09:54.257034,2026-06-13,22:09:54,webcam,2,person,output/object\webcam_detect_20260613_220954_2489.jpg
2026-06-13T22:09:57.494314,2026-06-13,22:09:57,webcam,1,person,output/object\webcam_detect_20260613_220957_4854.jpg
2026-06-13T22:10:00.597474,2026-06-13,22:10:00,webcam,2,person,output/object\webcam_detect_20260613_221000_5926.jpg
2026-06-13T22:10:03.701449,2026-06-13,22:10:03,webcam,2,person,output/object\webcam_detect_20260613_221003_6968.jpg
2026-06-13T22:10:06.854745,2026-06-13,22:10:06,webcam,1,person,output/object\webcam_detect_20260613_221006_8497.jpg
2026-06-13T22:10:09.913715,2026-06-13,22:10:09,webcam,2,person,output/object\webcam_detect_20260613_221009_9070.jpg
2026-06-13T22:10:12.993493,2026-06-13,22:10:12,webcam,2,person,output/object\webcam_detect_20260613_221012_9865.jpg
2026-06-13T22:10:16.423645,2026-06-13,22:10:16,webcam,2,person,output/object\webcam_detect_20260613_221016_4164.jpg
2026-06-13T22:10:19.433935,2026-06-13,22:10:19,webcam,2,person,output/object\webcam_detect_20260613_221019_4279.jpg
2026-06-13T22:10:23.480880,2026-06-13,22:10:23,webcam,3,"person, chair",output/object\webcam_detect_20260613_221023_1925.jpg
2026-06-13T22:10:26.278955,2026-06-13,22:10:26,webcam,2,person,output/object\webcam_detect_20260613_221026_2740.jpg
2026-06-13T22:10:29.360328,2026-06-13,22:10:29,webcam,2,person,output/object\webcam_detect_20260613_221029_3546.jpg
2026-06-13T22:10:32.480978,2026-06-13,22:10:32,webcam,2,person,output/object\webcam_detect_20260613_221032_4762.jpg
2026-06-13T22:10:35.607934,2026-06-13,22:10:35,webcam,2,person,output/object\webcam_detect_20260613_221035_6029.jpg
2026-06-13T22:10:38.827505,2026-06-13,22:10:38,webcam,1,person,output/object\webcam_detect_20260613_221038_8197.jpg
2026-06-13T22:10:41.935270,2026-06-13,22:10:41,webcam,1,person,output/object\webcam_detect_20260613_221041_9302.jpg
2026-06-13T22:10:45.170975,2026-06-13,22:10:45,webcam,2,"person, cell phone",output/object\webcam_detect_20260613_221045_1650.jpg
2026-06-13T22:10:48.342302,2026-06-13,22:10:48,webcam,1,person,output/object\webcam_detect_20260613_221048_3362.jpg
2026-06-13T22:10:51.795280,2026-06-13,22:10:51,webcam,1,person,output/object\webcam_detect_20260613_221051_7883.jpg
2026-06-13T22:10:54.955308,2026-06-13,22:10:54,webcam,2,person,output/object\webcam_detect_20260613_221054_9498.jpg
2026-06-13T22:10:58.021905,2026-06-13,22:10:58,webcam,1,person,output/object\webcam_detect_20260613_221058_0171.jpg
2026-06-13T22:11:01.406982,2026-06-13,22:11:01,webcam,1,person,output/object\webcam_detect_20260613_221101_4008.jpg
2026-06-13T22:11:04.473167,2026-06-13,22:11:04,webcam,1,person,output/object\webcam_detect_20260613_221104_4676.jpg
2026-06-13T22:11:07.560279,2026-06-13,22:11:07,webcam,1,person,output/object\webcam_detect_20260613_221107_5523.jpg
2026-06-13T22:11:10.759317,2026-06-13,22:11:10,webcam,1,person,output/object\webcam_detect_20260613_221110_7526.jpg
2026-06-13T22:11:13.861414,2026-06-13,22:11:13,webcam,1,person,output/object\webcam_detect_20260613_221113_8556.jpg
2026-06-13T22:11:17.219043,2026-06-13,22:11:17,webcam,1,person,output/object\webcam_detect_20260613_221117_2100.jpg
2026-06-13T22:11:21.008472,2026-06-13,22:11:21,webcam,1,person,output/object\webcam_detect_20260613_221121_0025.jpg
2026-06-13T22:11:24.755208,2026-06-13,22:11:24,webcam,1,person,output/object\webcam_detect_20260613_221124_7498.jpg
2026-06-13T22:11:28.012948,2026-06-13,22:11:28,webcam,1,person,output/object\webcam_detect_20260613_221128_0077.jpg
2026-06-13T22:11:31.155368,2026-06-13,22:11:31,webcam,1,person,output/object\webcam_detect_20260613_221131_1504.jpg
2026-06-13T22:11:34.334467,2026-06-13,22:11:34,webcam,1,person,output/object\webcam_detect_20260613_221134_3292.jpg
2026-06-13T22:11:37.340390,2026-06-13,22:11:37,webcam,1,person,output/object\webcam_detect_20260613_221137_3343.jpg
2026-06-13T22:11:40.506901,2026-06-13,22:11:40,webcam,2,person,output/object\webcam_detect_20260613_221140_5012.jpg
2026-06-13T22:11:43.765147,2026-06-13,22:11:43,webcam,1,person,output/object\webcam_detect_20260613_221143_7557.jpg
2026-06-13T22:11:47.196447,2026-06-13,22:11:47,webcam,2,person,output/object\webcam_detect_20260613_221147_1832.jpg
2026-06-13T22:11:50.858259,2026-06-13,22:11:50,webcam,2,person,output/object\webcam_detect_20260613_221150_8510.jpg
2026-06-13T22:11:54.032978,2026-06-13,22:11:54,webcam,1,person,output/object\webcam_detect_20260613_221154_0278.jpg
2026-06-13T22:11:57.180298,2026-06-13,22:11:57,webcam,1,person,output/object\webcam_detect_20260613_221157_1748.jpg
2026-06-13T22:12:00.389922,2026-06-13,22:12:00,webcam,2,"person, chair",output/object\webcam_detect_20260613_221200_3843.jpg
2026-06-13T22:12:03.431438,2026-06-13,22:12:03,webcam,1,person,output/object\webcam_detect_20260613_221203_4261.jpg
2026-06-13T22:12:06.564185,2026-06-13,22:12:06,webcam,1,person,output/object\webcam_detect_20260613_221206_5590.jpg
2026-06-13T22:12:09.614999,2026-06-13,22:12:09,webcam,1,person,output/object\webcam_detect_20260613_221209_6102.jpg
2026-06-13T22:12:12.672626,2026-06-13,22:12:12,webcam,1,person,output/object\webcam_detect_20260613_221212_6663.jpg
2026-06-13T22:12:16.524381,2026-06-13,22:12:16,webcam,1,person,output/object\webcam_detect_20260613_221216_5183.jpg
2026-06-13T22:12:19.948202,2026-06-13,22:12:19,webcam,1,person,output/object\webcam_detect_20260613_221219_9421.jpg
2026-06-13T22:12:23.254080,2026-06-13,22:12:23,webcam,1,person,output/object\webcam_detect_20260613_221223_2491.jpg
2026-06-13T22:12:27.202274,2026-06-13,22:12:27,webcam,1,person,output/object\webcam_detect_20260613_221227_1969.jpg
2026-06-14T13:29:53.622273,2026-06-14,13:29:53,webcam,1,person,output/object\webcam_detect_20260614_132953_6143.jpg
2026-06-14T13:29:56.830405,2026-06-14,13:29:56,webcam,1,person,output/object\webcam_detect_20260614_132956_8254.jpg
2026-06-14T13:29:59.836123,2026-06-14,13:29:59,webcam,1,person,output/object\webcam_detect_20260614_132959_8311.jpg
2026-06-14T13:30:02.934378,2026-06-14,13:30:02,webcam,1,person,output/object\webcam_detect_20260614_133002_9292.jpg
2026-06-14T13:30:06.018912,2026-06-14,13:30:06,webcam,1,person,output/object\webcam_detect_20260614_133006_0145.jpg
2026-06-14T13:30:09.056501,2026-06-14,13:30:09,webcam,1,person,output/object\webcam_detect_20260614_133009_0516.jpg
2026-06-14T13:30:12.144978,2026-06-14,13:30:12,webcam,1,person,output/object\webcam_detect_20260614_133012_1397.jpg
2026-06-14T13:30:15.244012,2026-06-14,13:30:15,webcam,1,person,output/object\webcam_detect_20260614_133015_2394.jpg
2026-06-14T13:30:18.552069,2026-06-14,13:30:18,webcam,1,person,output/object\webcam_detect_20260614_133018_5472.jpg
2026-06-14T13:30:21.595958,2026-06-14,13:30:21,webcam,1,person,output/object\webcam_detect_20260614_133021_5911.jpg
2026-06-14T13:30:24.618022,2026-06-14,13:30:24,webcam,1,person,output/object\webcam_detect_20260614_133024_6137.jpg
2026-06-14T13:30:27.628315,2026-06-14,13:30:27,webcam,1,person,output/object\webcam_detect_20260614_133027_6236.jpg
2026-06-14T13:30:30.798576,2026-06-14,13:30:30,webcam,1,person,output/object\webcam_detect_20260614_133030_7932.jpg
2026-06-14T13:30:33.800189,2026-06-14,13:30:33,webcam,1,person,output/object\webcam_detect_20260614_133033_7943.jpg
2026-06-14T13:30:36.939558,2026-06-14,13:30:36,webcam,1,person,output/object\webcam_detect_20260614_133036_9343.jpg
2026-06-14T13:30:40.009645,2026-06-14,13:30:40,webcam,1,person,output/object\webcam_detect_20260614_133040_0052.jpg
2026-06-14T13:30:46.421743,2026-06-14,13:30:46,webcam,1,person,output/object\webcam_detect_20260614_133046_4172.jpg
2026-06-14T13:30:49.483146,2026-06-14,13:30:49,webcam,1,person,output/object\webcam_detect_20260614_133049_4776.jpg
2026-06-14T13:30:52.493537,2026-06-14,13:30:52,webcam,1,person,output/object\webcam_detect_20260614_133052_4889.jpg
2026-06-14T13:30:55.658764,2026-06-14,13:30:55,webcam,1,person,output/object\webcam_detect_20260614_133055_6541.jpg
2026-06-14T13:32:45.196793,2026-06-14,13:32:45,webcam,1,person,output/object\webcam_detect_20260614_133245_1913.jpg
2026-06-14T13:33:10.574948,2026-06-14,13:33:10,webcam,1,person,output/object\webcam_detect_20260614_133310_5700.jpg
2026-06-14T13:33:13.752758,2026-06-14,13:33:13,webcam,1,person,output/object\webcam_detect_20260614_133313_7474.jpg
2026-06-14T13:33:16.792369,2026-06-14,13:33:16,webcam,1,person,output/object\webcam_detect_20260614_133316_7872.jpg
2026-06-14T13:33:19.933316,2026-06-14,13:33:19,webcam,1,person,output/object\webcam_detect_20260614_133319_9288.jpg
2026-06-14T13:33:23.032750,2026-06-14,13:33:23,webcam,1,person,output/object\webcam_detect_20260614_133323_0274.jpg
2026-06-14T13:33:26.122790,2026-06-14,13:33:26,webcam,1,person,output/object\webcam_detect_20260614_133326_1185.jpg
2026-06-14T13:33:29.150932,2026-06-14,13:33:29,webcam,1,person,output/object\webcam_detect_20260614_133329_1465.jpg
2026-06-14T13:33:32.185771,2026-06-14,13:33:32,webcam,1,person,output/object\webcam_detect_20260614_133332_1809.jpg
2026-06-14T13:33:35.259507,2026-06-14,13:33:35,webcam,1,person,output/object\webcam_detect_20260614_133335_2550.jpg
2026-06-14T13:33:38.295295,2026-06-14,13:33:38,webcam,1,person,output/object\webcam_detect_20260614_133338_2905.jpg
2026-06-14T13:33:41.357109,2026-06-14,13:33:41,webcam,1,person,output/object\webcam_detect_20260614_133341_3529.jpg
2026-06-14T13:33:44.461776,2026-06-14,13:33:44,webcam,1,person,output/object\webcam_detect_20260614_133344_4574.jpg
2026-06-14T13:33:49.027866,2026-06-14,13:33:49,webcam,1,person,output/object\webcam_detect_20260614_133349_0220.jpg
2026-06-14T13:33:54.463841,2026-06-14,13:33:54,webcam,1,person,output/object\webcam_detect_20260614_133354_4582.jpg
2026-06-14T13:33:57.569157,2026-06-14,13:33:57,webcam,1,person,output/object\webcam_detect_20260614_133357_5641.jpg
2026-06-14T13:34:01.172332,2026-06-14,13:34:01,webcam,1,person,output/object\webcam_detect_20260614_133401_1673.jpg
2026-06-14T13:34:04.231124,2026-06-14,13:34:04,webcam,1,person,output/object\webcam_detect_20260614_133404_2235.jpg
2026-06-14T13:34:07.575207,2026-06-14,13:34:07,webcam,1,person,output/object\webcam_detect_20260614_133407_5690.jpg
2026-06-14T13:34:18.879598,2026-06-14,13:34:18,webcam,1,person,output/object\webcam_detect_20260614_133418_8727.jpg
2026-06-14T13:34:21.974663,2026-06-14,13:34:21,webcam,1,person,output/object\webcam_detect_20260614_133421_9700.jpg
2026-06-14T13:34:26.464773,2026-06-14,13:34:26,webcam,1,person,output/object\webcam_detect_20260614_133426_4601.jpg
2026-06-14T13:34:29.676438,2026-06-14,13:34:29,webcam,1,person,output/object\webcam_detect_20260614_133429_6701.jpg
2026-06-14T13:34:32.702092,2026-06-14,13:34:32,webcam,1,person,output/object\webcam_detect_20260614_133432_6970.jpg
2026-06-14T13:34:35.782723,2026-06-14,13:34:35,webcam,1,person,output/object\webcam_detect_20260614_133435_7771.jpg
2026-06-14T13:34:38.831330,2026-06-14,13:34:38,webcam,1,person,output/object\webcam_detect_20260614_133438_8269.jpg
2026-06-14T13:34:41.981628,2026-06-14,13:34:41,webcam,1,person,output/object\webcam_detect_20260614_133441_9771.jpg
2026-06-14T13:34:45.116835,2026-06-14,13:34:45,webcam,1,person,output/object\webcam_detect_20260614_133445_1120.jpg
2026-06-14T13:34:48.174350,2026-06-14,13:34:48,webcam,1,person,output/object\webcam_detect_20260614_133448_1697.jpg
2026-06-14T13:34:52.512203,2026-06-14,13:34:52,webcam,1,person,output/object\webcam_detect_20260614_133452_5075.jpg
2026-06-14T13:34:58.954011,2026-06-14,13:34:58,webcam,1,cell phone,output/object\webcam_detect_20260614_133458_9494.jpg
2026-06-14T13:35:11.804287,2026-06-14,13:35:11,webcam,1,person,output/object\webcam_detect_20260614_133511_7991.jpg
2026-06-14T13:35:14.903061,2026-06-14,13:35:14,webcam,1,person,output/object\webcam_detect_20260614_133514_8970.jpg
2026-06-14T13:35:20.662944,2026-06-14,13:35:20,webcam,1,person,output/object\webcam_detect_20260614_133520_6572.jpg
2026-06-14T13:35:23.864532,2026-06-14,13:35:23,webcam,1,person,output/object\webcam_detect_20260614_133523_8590.jpg
2026-06-14T13:35:26.865933,2026-06-14,13:35:26,webcam,2,"person, cell phone",output/object\webcam_detect_20260614_133526_8615.jpg
2026-06-14T13:35:29.976905,2026-06-14,13:35:29,webcam,3,"person, cell phone",output/object\webcam_detect_20260614_133529_9698.jpg
2026-06-14T13:35:33.098998,2026-06-14,13:35:33,webcam,1,person,output/object\webcam_detect_20260614_133533_0937.jpg
2026-06-14T13:35:36.188342,2026-06-14,13:35:36,webcam,1,person,output/object\webcam_detect_20260614_133536_1836.jpg
2026-06-14T13:35:39.336254,2026-06-14,13:35:39,webcam,1,person,output/object\webcam_detect_20260614_133539_3321.jpg
2026-06-14T13:35:42.405871,2026-06-14,13:35:42,webcam,1,person,output/object\webcam_detect_20260614_133542_4010.jpg
2026-06-14T13:35:45.505779,2026-06-14,13:35:45,webcam,2,"person, cell phone",output/object\webcam_detect_20260614_133545_5009.jpg
2026-06-14T13:35:48.777134,2026-06-14,13:35:48,webcam,1,person,output/object\webcam_detect_20260614_133548_7716.jpg
2026-06-14T13:35:51.864664,2026-06-14,13:35:51,webcam,1,person,output/object\webcam_detect_20260614_133551_8586.jpg
2026-06-14T13:35:54.987362,2026-06-14,13:35:54,webcam,1,person,output/object\webcam_detect_20260614_133554_9820.jpg
2026-06-14T13:35:58.090816,2026-06-14,13:35:58,webcam,1,person,output/object\webcam_detect_20260614_133558_0845.jpg
2026-06-14T13:36:01.255487,2026-06-14,13:36:01,webcam,1,person,output/object\webcam_detect_20260614_133601_2507.jpg
2026-06-14T13:36:04.395851,2026-06-14,13:36:04,webcam,1,person,output/object\webcam_detect_20260614_133604_3900.jpg
2026-06-14T13:36:07.579803,2026-06-14,13:36:07,webcam,1,person,output/object\webcam_detect_20260614_133607_5744.jpg
2026-06-14T13:36:10.635573,2026-06-14,13:36:10,webcam,1,person,output/object\webcam_detect_20260614_133610_6304.jpg
2026-06-14T13:36:13.679711,2026-06-14,13:36:13,webcam,1,person,output/object\webcam_detect_20260614_133613_6742.jpg
2026-06-14T13:36:16.722726,2026-06-14,13:36:16,webcam,1,person,output/object\webcam_detect_20260614_133616_7178.jpg
2026-06-14T13:36:19.762700,2026-06-14,13:36:19,webcam,1,person,output/object\webcam_detect_20260614_133619_7572.jpg
2026-06-14T13:36:22.871213,2026-06-14,13:36:22,webcam,1,person,output/object\webcam_detect_20260614_133622_8663.jpg
2026-06-14T13:36:26.027269,2026-06-14,13:36:26,webcam,1,person,output/object\webcam_detect_20260614_133626_0220.jpg
2026-06-14T13:36:29.201388,2026-06-14,13:36:29,webcam,1,person,output/object\webcam_detect_20260614_133629_1965.jpg
2026-06-14T13:36:32.295784,2026-06-14,13:36:32,webcam,1,person,output/object\webcam_detect_20260614_133632_2913.jpg
2026-06-14T13:36:35.382340,2026-06-14,13:36:35,webcam,1,person,output/object\webcam_detect_20260614_133635_3778.jpg
2026-06-14T13:36:38.403622,2026-06-14,13:36:38,webcam,1,person,output/object\webcam_detect_20260614_133638_3992.jpg
2026-06-14T13:36:41.494074,2026-06-14,13:36:41,webcam,1,person,output/object\webcam_detect_20260614_133641_4892.jpg
2026-06-14T13:36:44.501050,2026-06-14,13:36:44,webcam,1,person,output/object\webcam_detect_20260614_133644_4957.jpg
2026-06-14T13:36:48.106598,2026-06-14,13:36:48,webcam,1,person,output/object\webcam_detect_20260614_133648_1016.jpg
2026-06-14T13:36:51.236194,2026-06-14,13:36:51,webcam,1,person,output/object\webcam_detect_20260614_133651_2308.jpg
2026-06-14T13:36:54.448146,2026-06-14,13:36:54,webcam,1,person,output/object\webcam_detect_20260614_133654_4388.jpg
2026-06-14T13:36:57.640580,2026-06-14,13:36:57,webcam,1,person,output/object\webcam_detect_20260614_133657_6345.jpg
2026-06-14T13:37:01.187336,2026-06-14,13:37:01,webcam,1,person,output/object\webcam_detect_20260614_133701_1812.jpg
2026-06-14T13:37:04.369486,2026-06-14,13:37:04,webcam,1,person,output/object\webcam_detect_20260614_133704_3644.jpg
2026-06-14T13:37:07.412556,2026-06-14,13:37:07,webcam,1,person,output/object\webcam_detect_20260614_133707_4066.jpg
2026-06-14T13:37:10.447481,2026-06-14,13:37:10,webcam,1,person,output/object\webcam_detect_20260614_133710_4402.jpg
2026-06-14T13:37:13.477104,2026-06-14,13:37:13,webcam,1,person,output/object\webcam_detect_20260614_133713_4690.jpg
2026-06-14T13:37:16.643711,2026-06-14,13:37:16,webcam,1,person,output/object\webcam_detect_20260614_133716_6383.jpg
2026-06-14T13:37:19.893884,2026-06-14,13:37:19,webcam,1,person,output/object\webcam_detect_20260614_133719_8888.jpg
2026-06-14T13:37:22.898718,2026-06-14,13:37:22,webcam,1,person,output/object\webcam_detect_20260614_133722_8932.jpg
2026-06-14T13:37:25.914228,2026-06-14,13:37:25,webcam,1,person,output/object\webcam_detect_20260614_133725_9077.jpg
2026-06-14T13:37:29.232863,2026-06-14,13:37:29,webcam,1,person,output/object\webcam_detect_20260614_133729_2283.jpg
2026-06-14T13:37:32.233189,2026-06-14,13:37:32,webcam,1,person,output/object\webcam_detect_20260614_133732_2283.jpg
2026-06-14T13:37:35.360831,2026-06-14,13:37:35,webcam,1,person,output/object\webcam_detect_20260614_133735_3556.jpg
2026-06-14T13:37:38.494764,2026-06-14,13:37:38,webcam,1,person,output/object\webcam_detect_20260614_133738_4894.jpg
2026-06-14T13:37:41.511478,2026-06-14,13:37:41,webcam,1,person,output/object\webcam_detect_20260614_133741_5070.jpg
2026-06-14T13:37:44.986970,2026-06-14,13:37:44,webcam,2,"cell phone, person",output/object\webcam_detect_20260614_133744_9817.jpg
2026-06-14T13:37:48.040286,2026-06-14,13:37:48,webcam,2,person,output/object\webcam_detect_20260614_133748_0356.jpg
2026-06-14T13:37:51.052263,2026-06-14,13:37:51,webcam,4,"person, cell phone",output/object\webcam_detect_20260614_133751_0474.jpg
2026-06-14T13:37:54.112839,2026-06-14,13:37:54,webcam,4,"person, cell phone",output/object\webcam_detect_20260614_133754_1068.jpg
2026-06-14T13:37:57.162507,2026-06-14,13:37:57,webcam,4,"cell phone, person",output/object\webcam_detect_20260614_133757_1560.jpg
2026-06-14T13:38:00.238968,2026-06-14,13:38:00,webcam,4,"person, cell phone, laptop",output/object\webcam_detect_20260614_133800_2335.jpg
2026-06-14T13:38:03.317576,2026-06-14,13:38:03,webcam,5,"person, cell phone",output/object\webcam_detect_20260614_133803_3118.jpg
2026-06-14T13:38:06.446753,2026-06-14,13:38:06,webcam,1,person,output/object\webcam_detect_20260614_133806_4411.jpg
2026-06-14T13:38:09.608085,2026-06-14,13:38:09,webcam,2,"person, cell phone",output/object\webcam_detect_20260614_133809_6029.jpg
2026-06-14T13:38:12.666023,2026-06-14,13:38:12,webcam,8,"person, cell phone",output/object\webcam_detect_20260614_133812_6607.jpg
2026-06-14T13:38:15.711541,2026-06-14,13:38:15,webcam,8,"person, cell phone",output/object\webcam_detect_20260614_133815_7050.jpg
2026-06-14T13:38:18.846158,2026-06-14,13:38:18,webcam,5,"person, cell phone",output/object\webcam_detect_20260614_133818_8373.jpg
2026-06-14T13:38:21.938188,2026-06-14,13:38:21,webcam,8,"person, cell phone",output/object\webcam_detect_20260614_133821_9326.jpg
2026-06-14T13:38:25.071203,2026-06-14,13:38:25,webcam,2,"person, cell phone",output/object\webcam_detect_20260614_133825_0655.jpg
2026-06-14T13:38:28.083757,2026-06-14,13:38:28,webcam,1,person,output/object\webcam_detect_20260614_133828_0778.jpg
2026-06-14T13:38:31.086597,2026-06-14,13:38:31,webcam,1,person,output/object\webcam_detect_20260614_133831_0815.jpg
2026-06-14T13:38:34.153929,2026-06-14,13:38:34,webcam,1,person,output/object\webcam_detect_20260614_133834_1493.jpg
2026-06-14T13:38:37.829826,2026-06-14,13:38:37,webcam,1,person,output/object\webcam_detect_20260614_133837_8237.jpg
2026-06-14T13:38:40.929617,2026-06-14,13:38:40,webcam,1,person,output/object\webcam_detect_20260614_133840_9247.jpg
2026-06-14T13:38:43.948689,2026-06-14,13:38:43,webcam,1,person,output/object\webcam_detect_20260614_133843_9427.jpg
2026-06-14T13:38:47.001818,2026-06-14,13:38:47,webcam,1,person,output/object\webcam_detect_20260614_133846_9967.jpg
2026-06-14T13:38:50.274622,2026-06-14,13:38:50,webcam,1,person,output/object\webcam_detect_20260614_133850_2690.jpg
2026-06-14T13:38:53.309624,2026-06-14,13:38:53,webcam,1,person,output/object\webcam_detect_20260614_133853_3041.jpg
2026-06-14T13:38:57.353003,2026-06-14,13:38:57,webcam,1,person,output/object\webcam_detect_20260614_133857_3480.jpg
2026-06-14T13:39:01.341539,2026-06-14,13:39:01,webcam,1,person,output/object\webcam_detect_20260614_133900_4708.jpg
2026-06-14T13:39:03.742625,2026-06-14,13:39:03,webcam,1,person,output/object\webcam_detect_20260614_133903_7366.jpg
2026-06-14T13:39:06.812785,2026-06-14,13:39:06,webcam,1,person,output/object\webcam_detect_20260614_133906_8075.jpg
2026-06-14T13:39:09.838788,2026-06-14,13:39:09,webcam,1,person,output/object\webcam_detect_20260614_133909_8342.jpg
2026-06-14T13:39:12.978968,2026-06-14,13:39:12,webcam,1,person,output/object\webcam_detect_20260614_133912_9741.jpg
2026-06-14T13:39:16.164728,2026-06-14,13:39:16,webcam,1,person,output/object\webcam_detect_20260614_133916_1602.jpg
2026-06-14T13:39:19.278955,2026-06-14,13:39:19,webcam,1,person,output/object\webcam_detect_20260614_133919_2739.jpg
2026-06-14T13:39:22.339328,2026-06-14,13:39:22,webcam,1,person,output/object\webcam_detect_20260614_133922_3347.jpg
2026-06-14T13:39:25.462186,2026-06-14,13:39:25,webcam,1,person,output/object\webcam_detect_20260614_133925_4576.jpg
2026-06-14T13:39:28.658831,2026-06-14,13:39:28,webcam,1,person,output/object\webcam_detect_20260614_133928_6531.jpg
2026-06-14T13:39:31.782999,2026-06-14,13:39:31,webcam,1,person,output/object\webcam_detect_20260614_133931_7780.jpg
2026-06-14T13:39:35.012323,2026-06-14,13:39:35,webcam,1,person,output/object\webcam_detect_20260614_133935_0071.jpg
2026-06-14T13:39:38.329666,2026-06-14,13:39:38,webcam,1,person,output/object\webcam_detect_20260614_133938_3244.jpg
2026-06-14T13:39:41.395049,2026-06-14,13:39:41,webcam,1,person,output/object\webcam_detect_20260614_133941_3890.jpg
2026-06-14T13:39:46.008701,2026-06-14,13:39:46,webcam,1,person,output/object\webcam_detect_20260614_133946_0027.jpg
2026-06-14T13:39:49.042909,2026-06-14,13:39:49,webcam,1,person,output/object\webcam_detect_20260614_133949_0370.jpg
2026-06-14T13:41:26.779208,2026-06-14,13:41:26,webcam,1,person,output/object\webcam_detect_20260614_134126_7736.jpg
2026-06-14T13:41:29.784200,2026-06-14,13:41:29,webcam,1,person,output/object\webcam_detect_20260614_134129_7781.jpg
2026-06-14T13:41:33.038624,2026-06-14,13:41:33,webcam,1,person,output/object\webcam_detect_20260614_134133_0327.jpg
2026-06-14T13:41:36.214916,2026-06-14,13:41:36,webcam,1,person,output/object\webcam_detect_20260614_134136_2100.jpg
2026-06-14T13:41:39.271657,2026-06-14,13:41:39,webcam,1,person,output/object\webcam_detect_20260614_134139_2664.jpg
2026-06-14T13:41:42.291976,2026-06-14,13:41:42,webcam,1,person,output/object\webcam_detect_20260614_134142_2868.jpg
2026-06-14T13:41:46.137439,2026-06-14,13:41:46,webcam,1,person,output/object\webcam_detect_20260614_134146_1289.jpg
2026-06-14T13:41:50.179204,2026-06-14,13:41:50,webcam,1,person,output/object\webcam_detect_20260614_134150_1716.jpg
2026-06-14T13:41:53.622263,2026-06-14,13:41:53,webcam,1,person,output/object\webcam_detect_20260614_134153_6166.jpg
2026-06-14T13:41:56.874317,2026-06-14,13:41:56,webcam,2,person,output/object\webcam_detect_20260614_134156_8697.jpg
2026-06-14T13:42:00.176664,2026-06-14,13:42:00,webcam,1,person,output/object\webcam_detect_20260614_134200_1720.jpg
2026-06-14T13:42:03.517222,2026-06-14,13:42:03,webcam,1,person,output/object\webcam_detect_20260614_134203_5126.jpg
2026-06-14T13:42:07.246067,2026-06-14,13:42:07,webcam,1,person,output/object\webcam_detect_20260614_134207_2408.jpg
2026-06-14T13:42:10.739483,2026-06-14,13:42:10,webcam,1,person,output/object\webcam_detect_20260614_134210_7346.jpg
2026-06-14T13:42:14.358026,2026-06-14,13:42:14,webcam,1,person,output/object\webcam_detect_20260614_134214_3536.jpg
2026-06-14T13:42:18.156044,2026-06-14,13:42:18,webcam,1,person,output/object\webcam_detect_20260614_134218_1472.jpg
2026-06-14T13:42:22.141403,2026-06-14,13:42:22,webcam,1,person,output/object\webcam_detect_20260614_134222_1352.jpg
2026-06-14T13:42:25.629348,2026-06-14,13:42:25,webcam,1,person,output/object\webcam_detect_20260614_134225_6222.jpg
2026-06-14T13:42:29.345462,2026-06-14,13:42:29,webcam,1,person,output/object\webcam_detect_20260614_134229_3398.jpg
2026-06-14T13:42:32.538450,2026-06-14,13:42:32,webcam,1,person,output/object\webcam_detect_20260614_134232_5336.jpg
2026-06-14T13:42:35.755849,2026-06-14,13:42:35,webcam,1,person,output/object\webcam_detect_20260614_134235_7508.jpg
2026-06-14T13:42:38.757943,2026-06-14,13:42:38,webcam,1,person,output/object\webcam_detect_20260614_134238_7532.jpg
2026-06-14T13:42:42.041872,2026-06-14,13:42:42,webcam,1,person,output/object\webcam_detect_20260614_134242_0374.jpg
2026-06-14T13:42:45.091143,2026-06-14,13:42:45,webcam,1,person,output/object\webcam_detect_20260614_134245_0869.jpg
2026-06-14T13:42:48.249328,2026-06-14,13:42:48,webcam,1,person,output/object\webcam_detect_20260614_134248_2442.jpg
2026-06-14T13:42:53.055947,2026-06-14,13:42:53,webcam,1,person,output/object\webcam_detect_20260614_134253_0509.jpg
2026-06-14T13:42:56.605752,2026-06-14,13:42:56,webcam,1,person,output/object\webcam_detect_20260614_134256_6004.jpg
2026-06-14T13:43:02.335310,2026-06-14,13:43:02,webcam,1,person,output/object\webcam_detect_20260614_134302_3303.jpg
2026-06-14T13:43:09.684534,2026-06-14,13:43:09,webcam,1,person,output/object\webcam_detect_20260614_134309_6802.jpg
2026-06-14T13:43:12.724961,2026-06-14,13:43:12,webcam,1,person,output/object\webcam_detect_20260614_134312_7207.jpg
2026-06-14T13:43:16.411927,2026-06-14,13:43:16,webcam,1,person,output/object\webcam_detect_20260614_134316_4063.jpg
2026-06-14T13:43:19.593418,2026-06-14,13:43:19,webcam,1,person,output/object\webcam_detect_20260614_134319_5883.jpg
2026-06-14T13:43:22.765388,2026-06-14,13:43:22,webcam,1,person,output/object\webcam_detect_20260614_134322_7603.jpg
2026-06-14T13:43:25.769628,2026-06-14,13:43:25,webcam,1,person,output/object\webcam_detect_20260614_134325_7652.jpg
2026-06-14T13:43:29.107208,2026-06-14,13:43:29,webcam,1,person,output/object\webcam_detect_20260614_134329_1018.jpg
2026-06-14T13:43:32.822508,2026-06-14,13:43:32,webcam,1,person,output/object\webcam_detect_20260614_134332_8175.jpg
2026-06-14T13:43:36.201566,2026-06-14,13:43:36,webcam,1,person,output/object\webcam_detect_20260614_134336_1965.jpg
2026-06-14T13:43:39.232565,2026-06-14,13:43:39,webcam,1,person,output/object\webcam_detect_20260614_134339_2274.jpg
2026-06-14T13:43:42.999976,2026-06-14,13:43:42,webcam,1,person,output/object\webcam_detect_20260614_134342_9941.jpg
2026-06-14T13:43:46.562199,2026-06-14,13:43:46,webcam,1,person,output/object\webcam_detect_20260614_134346_5566.jpg
2026-06-14T13:43:52.359611,2026-06-14,13:43:52,webcam,1,person,output/object\webcam_detect_20260614_134352_3538.jpg
2026-06-14T13:44:10.180003,2026-06-14,13:44:10,webcam,1,person,output/object\webcam_detect_20260614_134410_1754.jpg
2026-06-14T13:44:19.080695,2026-06-14,13:44:19,webcam,1,cell phone,output/object\webcam_detect_20260614_134419_0751.jpg
2026-06-14T13:44:34.541098,2026-06-14,13:44:34,webcam,1,person,output/object\webcam_detect_20260614_134434_5358.jpg
2026-06-14T13:44:37.687672,2026-06-14,13:44:37,webcam,1,cell phone,output/object\webcam_detect_20260614_134437_6827.jpg
2026-06-14T13:44:45.886043,2026-06-14,13:44:45,webcam,1,cell phone,output/object\webcam_detect_20260614_134445_8805.jpg
2026-06-14T13:44:49.110174,2026-06-14,13:44:49,webcam,2,"cell phone, person",output/object\webcam_detect_20260614_134449_1037.jpg
2026-06-14T13:44:53.953510,2026-06-14,13:44:53,webcam,1,person,output/object\webcam_detect_20260614_134453_9491.jpg
2026-06-14T13:44:57.024394,2026-06-14,13:44:57,webcam,1,person,output/object\webcam_detect_20260614_134457_0198.jpg
2026-06-14T13:45:00.059432,2026-06-14,13:45:00,webcam,1,person,output/object\webcam_detect_20260614_134500_0547.jpg
2026-06-14T13:45:03.238106,2026-06-14,13:45:03,webcam,1,person,output/object\webcam_detect_20260614_134503_2336.jpg
2026-06-14T13:45:16.335439,2026-06-14,13:45:16,webcam,1,person,output/object\webcam_detect_20260614_134516_3309.jpg
2026-06-14T13:45:20.771257,2026-06-14,13:45:20,webcam,1,person,output/object\webcam_detect_20260614_134520_7658.jpg
2026-06-14T13:50:17.900321,2026-06-14,13:50:17,webcam,1,person,output/object\webcam_detect_20260614_135017_8852.jpg
2026-06-14T13:50:21.211133,2026-06-14,13:50:21,webcam,1,person,output/object\webcam_detect_20260614_135020_9962.jpg
2026-06-14T13:50:24.228052,2026-06-14,13:50:24,webcam,1,person,output/object\webcam_detect_20260614_135024_2209.jpg
2026-06-14T13:50:27.454681,2026-06-14,13:50:27,webcam,1,person,output/object\webcam_detect_20260614_135027_4494.jpg
2026-06-14T13:50:30.460508,2026-06-14,13:50:30,webcam,1,person,output/object\webcam_detect_20260614_135030_4546.jpg
2026-06-14T13:50:33.479838,2026-06-14,13:50:33,webcam,1,person,output/object\webcam_detect_20260614_135033_4735.jpg
2026-06-14T13:50:36.497188,2026-06-14,13:50:36,webcam,1,person,output/object\webcam_detect_20260614_135036_4914.jpg
2026-06-14T13:50:39.655754,2026-06-14,13:50:39,webcam,1,person,output/object\webcam_detect_20260614_135039_6498.jpg
2026-06-14T13:52:30.938547,2026-06-14,13:52:30,webcam,1,person,output/object\webcam_detect_20260614_135230_9277.jpg
2026-06-14T13:52:34.695906,2026-06-14,13:52:34,webcam,1,person,output/object\webcam_detect_20260614_135234_5608.jpg
2026-06-14T13:52:37.777929,2026-06-14,13:52:37,webcam,1,person,output/object\webcam_detect_20260614_135237_7718.jpg
2026-06-14T13:52:41.311985,2026-06-14,13:52:41,webcam,1,person,output/object\webcam_detect_20260614_135241_2997.jpg
2026-06-14T13:52:44.790729,2026-06-14,13:52:44,webcam,1,person,output/object\webcam_detect_20260614_135244_7851.jpg
2026-06-14T13:57:34.402716,2026-06-14,13:57:34,webcam,1,person,output/object\webcam_detect_20260614_135734_3974.jpg
2026-06-14T13:57:38.251181,2026-06-14,13:57:38,webcam,1,person,output/object\webcam_detect_20260614_135738_2409.jpg
2026-06-14T13:57:42.101764,2026-06-14,13:57:42,webcam,1,person,output/object\webcam_detect_20260614_135742_0963.jpg
2026-06-14T13:57:46.554492,2026-06-14,13:57:46,webcam,1,person,output/object\webcam_detect_20260614_135746_5491.jpg
2026-06-14T13:57:49.901078,2026-06-14,13:57:49,webcam,1,person,output/object\webcam_detect_20260614_135749_8937.jpg
2026-06-14T13:57:53.174266,2026-06-14,13:57:53,webcam,1,person,output/object\webcam_detect_20260614_135753_1690.jpg
2026-06-14T13:57:57.576287,2026-06-14,13:57:57,webcam,1,person,output/object\webcam_detect_20260614_135757_5679.jpg
2026-06-14T15:06:33.490260,2026-06-14,15:06:33,webcam,1,person,output/object\webcam_detect_20260614_150633_4847.jpg
2026-06-14T15:06:36.605223,2026-06-14,15:06:36,webcam,1,person,output/object\webcam_detect_20260614_150636_5976.jpg
2026-06-14T15:06:39.853993,2026-06-14,15:06:39,webcam,1,person,output/object\webcam_detect_20260614_150639_8488.jpg
2026-06-14T15:06:43.083778,2026-06-14,15:06:43,webcam,1,person,output/object\webcam_detect_20260614_150643_0786.jpg
2026-06-14T15:06:46.212708,2026-06-14,15:06:46,webcam,1,person,output/object\webcam_detect_20260614_150646_2050.jpg
2026-06-14T15:06:49.638362,2026-06-14,15:06:49,webcam,1,person,output/object\webcam_detect_20260614_150649_6332.jpg
2026-06-14T15:06:52.774386,2026-06-14,15:06:52,webcam,1,person,output/object\webcam_detect_20260614_150652_7697.jpg
2026-06-14T15:06:55.939695,2026-06-14,15:06:55,webcam,1,person,output/object\webcam_detect_20260614_150655_9351.jpg
2026-06-14T15:06:59.018831,2026-06-14,15:06:59,webcam,1,person,output/object\webcam_detect_20260614_150659_0139.jpg
2026-06-14T15:07:02.137316,2026-06-14,15:07:02,webcam,1,person,output/object\webcam_detect_20260614_150702_1326.jpg
2026-06-14T16:23:43.420872,2026-06-14,16:23:43,webcam,3,person,output/object\webcam_detect_20260614_162343_4045.jpg
2026-06-14T16:23:46.792467,2026-06-14,16:23:46,webcam,3,person,output/object\webcam_detect_20260614_162346_7858.jpg
2026-06-14T16:23:53.065154,2026-06-14,16:23:53,webcam,3,person,output/object\webcam_detect_20260614_162353_0575.jpg
